■ 일별 박스오피스,,,,,,,,,,,,,,,,,,,,,
- 조회일: 2025-09-06,,,,,,,,,,,,,,,,,,,,,
- 출처: 영화진흥위원회 통합전산망 (http://www.kobis.or.kr),,,,,,,,,,,,,,,,,,,,,
▶ 검색조건 [ 조회기간: 2025-08-29~2025-09-05???영화구분: 전체???국적: 한국???지역: 전체 ],,,,,,,,,,,,,,,,,,,,,
,,,,,,,,,,,,,,,,,,,,,
●2025년 09월 05일(금),,,,,,,,,,,,,,,,,,,,,
순위,영화명,개봉일,매출액 ,매출액,매출액증감,매출액증감율(전일대비) ,누적매출액 ,관객수 ,관객수증감(전일대비) ,관객수증감율(전일대비) ,누적관객수 ,스크린수 ,상영횟수 ,대표국적 ,국적 ,제작사 ,배급사 ,등급 ,장르 ,감독 ,배우 
,,,,점유율 ,(전일대비) ,,,,,,,,,,,,,,,,
1,살인자 리포트,2025-09-05,"347,284,730",58.4%,"330,256,730",1939.5%,"372,394,730","36,081","34,189",1807.0%,"38,871",749,"2,647",한국,한국,"주식회사 위드에이스튜디오,(주)엠아이케이스튜디오","소니픽쳐스엔터테인먼트코리아주식회사극장배급지점,주식회사 에이투지엔터테인먼트",청소년관람불가,"드라마,스릴러",조영준,"조여정,정성일"
2,좀비딸,2025-07-30,"147,147,490",24.7%,"27,559,790",23.0%,"51,420,308,080","15,631","2,648",20.4%,"5,427,494",693,"1,482",한국,한국,스튜디오엔(주),(주)넥스트엔터테인먼트월드(NEW),12세이상관람가,"코미디,드라마",필감성,"조정석,이정은,조여정,윤경호,최유리,이주미"
3,전력질주,2025-09-10,"18,692,900",3.1%,"18,692,900",100.0%,"18,692,900","1,813","1,813",100.0%,"1,813",5,7,한국,한국,주식회사 헤이데이프로덕션,"(주)레드아이스 엔터테인먼트,(주)삼백상회",12세이상관람가,드라마,이승훈,"하석진,이신영,다현,이순원,윤서빈"
4,악마가 이사왔다,2025-08-13,"9,537,200",1.6%,"-3,286,500",-25.6%,"4,044,855,110","1,127",-408,-26.6%,"426,314",74,87,한국,한국,(주)외유내강,(주)씨제이이엔엠,12세이상관람가,"미스터리,코미디",이상근,"임윤아,안보현,성동일,주현영"
5,독립군: 끝나지 않은 전쟁,2025-08-13,"8,155,500",1.4%,"5,050,800",162.7%,"400,836,620",967,607,168.6%,"44,358",24,24,한국,한국,"주식회사 블루필름웍스,제니필름",주식회사 블루필름웍스,전체관람가,다큐멘터리,문승욱,조진웅
6,3670,2025-09-03,"9,135,400",1.5%,"1,287,900",16.4%,"43,077,600",946,78,9.0%,"4,636",70,94,한국,한국,오롯필름,(주)엣나인필름,15세이상관람가,"드라마,멜로/로맨스",박준호,"조유현,김현목,조대희,배한솔,임지형,전두식,하승우,윤설,김진이,차미경,유태규"
7,3학년 2학기,2025-09-03,"7,134,700",1.2%,"665,900",10.3%,"45,208,700",732,-72,-9.0%,"5,403",72,81,한국,한국,작업장 봄,작업장 봄,12세이상관람가,드라마,이란희,"유이하,김성국,양지운,김소완,강진아"
8,엔하이픈 브이알콘서트 : 이머전,2025-08-08,"21,252,000",3.6%,"9,603,000",82.4%,"645,186,000",644,291,82.4%,"19,842",1,9,한국,한국,(주)어메이즈브이알코리아,(주)어메이즈브이알코리아,전체관람가,드라마,김경국,
9,K스쿨,2024-02-21,"3,840,000",0.6%,"3,840,000",100.0%,"40,277,900",480,480,100.0%,"5,433",5,5,한국,한국,주식회사 강컨텐츠,주식회사 강컨텐츠,전체관람가,"드라마,뮤지컬",박미경,"남다원,이영준,양예나,정세민,전민기,구슬이,김소현,강세희,박도연,김도현,권혁준,나경민,권혜영"
10,킹 오브 킹스,2025-07-16,"2,740,200",0.5%,"196,700",7.7%,"12,245,911,276",360,47,15.0%,"1,298,219",22,24,한국,한국,(주)모팩스튜디오,(주)디스테이션,전체관람가,애니메이션,장성호,"이병헌,진선규,이하늬,양동근,차인표,권오중,장광,피어스 브로스넌,오스카 아이삭,케네스 브래너,우마 서먼,마크 해밀,포레스트 휘테커,벤 킹슬리,로만 그리핀 데이비스"
11,아이 캔 스피크,2017-09-21,"2,382,000",0.4%,"1,468,000",160.6%,"25,594,420,886",290,38,15.1%,"3,289,686",2,2,한국,한국,주식회사 영화사 시선,"(주)마노엔터테인먼트,롯데쇼핑㈜롯데엔터테인먼트,(주)리틀빅픽쳐스",12세이상관람가,코미디,김현석,"나문희,이제훈,박철민,염혜란,성유빈,김소진,이상희,정연주,이지훈,손숙,이재인,최수인,이대연,박준서,이정현,홍상원,황연희,우지현,이신성,우상기,이정현,손성찬,정원창,김자영,김경덕,손경원,설창희,정태야,추연규,이승민,이범규,김선경"
12,마지막 숙제,2025-09-03,"2,381,400",0.4%,"112,800",5.0%,"23,318,800",280,-6,-2.1%,"2,425",50,55,한국,한국,(주)스튜디오킬러웨일,"(주)이놀미디어,(주)스튜디오킬러웨일,(주)에스더블유콘텐츠",12세이상관람가,드라마,이정철,"엄태웅,박상면,이재준,최이나,윤현숙,정선우,이성종,전수경"
13,첫여름,,"428,400",0.1%,"85,400",24.9%,"50,493,400",262,177,208.2%,"16,101",20,21,한국,한국,한국영화아카데미,한국영화아카데미,15세이상관람가,드라마,허가영,"허진,정인기"
14,지리멸렬,,"756,000",0.1%,"-204,000",-21.3%,"11,858,500",252,-68,-21.3%,"3,954",76,90,한국,한국,한국영화아카데미,㈜인디스토리,12세이상관람가,코미디,봉준호,"유연수,윤일주,김뢰하,신동환"
15,식스데이즈,2025-08-13,"4,444,000",0.7%,"2,860,000",180.6%,"1,003,366,000",202,130,180.6%,"45,787",17,17,한국,한국,(주)MBC,"씨지브이 아이스콘,씨제이포디플렉스 주식회사",전체관람가,"드라마,다큐멘터리",,
16,소풍,2024-02-07,"1,336,000",0.2%,"940,000",237.4%,"3,231,922,943",193,94,94.9%,"367,759",3,3,한국,한국,(주)로케트필름,롯데컬처웍스(주)롯데엔터테인먼트,12세이상관람가,드라마,김용균,"나문희,김영옥,박근형,류승수,이항나,공상아,임지규,최선자,이용이,한태일,곽자형,정혜자,나호숙,차희,신예서,엄주연,이주미,황효은,나은미,허종오,장재용,조형우,성병숙"
17,추적,2025-08-06,"1,311,000",0.2%,"699,000",114.2%,"146,940,900",121,59,95.2%,"16,107",3,3,한국,한국,뉴스타파 필름,(주)엣나인필름,12세이상관람가,다큐멘터리,최승호,
18,가족의 비밀,2025-09-10,"990,000",0.2%,"-4,752,000",-82.8%,"6,732,000",90,-548,-85.9%,728,1,1,한국,한국,(주)오예스,(주)스튜디오디에이치엘,12세이상관람가,"드라마,코미디",이상훈,"김혜은,김법래,김보윤,김현재,윤기원,박현우,김이온,김형묵,최홍일,안신우,장명갑,김홍표,이윤권,최원준,권훈,김나은,김신영,이서연,박관우,김진혁,최준식,김태엽,오승호,박정현,서민주,오연희,김정인,손상경,한다희,고나영,오채영,류자영,오영준,박선우,이도하,이재민,이재원,양원석,김정훈,이장현,이상민,김은정,권순상,허진석"
19,다른 것으로 알려질 뿐이지,2025-08-27,"945,500",0.2%,"-731,000",-43.6%,"25,382,950",88,-69,-43.9%,"2,497",17,17,한국,한국,(주)보더리스필름,영화로운 형제,15세이상관람가,"드라마,멜로/로맨스",조희영,"공민정,정보람,정회린,감동환,류세일,유의태"
20,여름이 지나가면,2025-07-09,"735,500",0.1%,"195,000",36.1%,"92,869,800",69,13,23.2%,"10,176",16,16,한국,한국,㈜스튜디오 하이파이브,(주)엣나인필름,15세이상관람가,드라마,장병기,"이재준,최현진,최우록,고서희,강길우"
21,베베핀 극장판: 사라진 베베핀과 핑크퐁 대모험,2025-07-24,"364,000",0.1%,"-2,173,500",-85.7%,"2,063,405,330",67,-298,-81.6%,"224,424",2,2,한국,한국,더핑크퐁컴퍼니(주),(주)넥스트엔터테인먼트월드(NEW),전체관람가,애니메이션,변희선,"조경이,엠머슨브룩김,이현경,김해나,강은애"
22,비밀일 수밖에,2025-09-10,"548,000",0.1%,"-352,000",-39.1%,"13,246,500",50,-50,-50.0%,"1,324",1,1,한국,한국,"(주)에이디사공육,주식회사 슈아픽처스","주식회사 슈아픽처스,(주)에이디사공육",12세이상관람가,"드라마,코미디",김대환,"장영남,류경수,스테파니 리,옥지영,박지일,박지아"
22,"부정선거, 신의 작품인가 감독판",,"600,000",0.1%,"-1,200,000",-66.7%,"2,400,000",50,-130,-72.2%,230,1,1,한국,한국,,루디아코프,12세이상관람가,다큐멘터리,,
24,THE 자연인,2025-08-20,"391,000",0.1%,"251,000",179.3%,"16,855,800",49,31,172.2%,"1,930",8,8,한국,한국,스톤워크,스톤워크,12세이상관람가,"코미디,미스터리",노영석,"변재신,정용훈,신운섭,이란희"
25,제17회 대단한 단편영화제 단편경쟁 2,,"368,000",0.1%,"368,000",100.0%,"368,000",46,46,100.0%,46,1,1,한국,한국,,,,"드라마,코미디,다큐멘터리",,
26,헤어질 결심,2022-06-29,"340,000",0.1%,"146,000",75.3%,"19,787,247,678",34,14,70.0%,"1,909,055",1,1,한국,한국,모호필름,(주)씨제이이엔엠,15세이상관람가,"미스터리,멜로/로맨스",박찬욱,"박해일,탕웨이,이정현,고경표,김신영,정영숙,유승목,서현우,정이서,이학주,정소리,신안진,김도연,고민시,차서원,주인영,윤성원,최선자,진용욱,안진상,박정민,박용우,정하담,최대훈,김미화,곽은진,안성봉,김성곤,문순주,현직,한서울,김도담,문정대,유인혜,권혁성,차상도,강경수,유태오,이지하,전성애,이경민,이용녀,김귀례,김도담,유다솜,김민준,김국진,김상현"
27,대비상망,1975-06-06,"54,000",0.0%,"-38,000",-41.3%,"484,000",27,-19,-41.3%,242,1,4,한국,한국,남아진흥,(주)프리즘웍스,15세이상관람가,액션,전우열,"한용철,오경아"
28,성적표의 김민영,2022-09-08,"209,000",0.0%,"209,000",100.0%,"75,528,161",24,24,100.0%,"8,000",1,1,한국,한국,탁구필름,(주)엣나인필름,전체관람가,드라마,"이재은,임지선","김주아,윤아정,손다현,임종민,심이안,조형일"
29,야당: 익스텐디드 컷,2025-08-06,"167,000",0.0%,"148,000",778.9%,"244,807,020",18,15,500.0%,"27,295",3,3,한국,한국,(주)하이브미디어코프,메가박스중앙(주) 플러스엠 엔터테인먼트,청소년관람불가,"범죄,액션",황병국,"강하늘,유해진,박해준,류경수,채원빈"
30,식사이론,2025-08-20,"68,000",0.0%,"40,000",142.9%,"13,082,000",17,10,142.9%,"3,269",3,3,한국,한국,"주식회사 알바트로스픽처스,데저트블룸픽처스 주식회사",롯데컬처웍스(주)롯데시네마,12세이상관람가,"코미디,판타지,드라마",,홍진기
31,최선의 삶,2021-09-01,"139,000",0.0%,"139,000",100.0%,"101,245,980",16,16,100.0%,"11,743",1,1,한국,한국,"(주)마일스톤컴퍼니,(주)모토",(주)엣나인필름,15세이상관람가,드라마,이우정,"방민아,심달기,한성민,이유경,양흥주,김민재,이민웅,박지성,전필재,김성용,이호원,이보경,장은정,김민재,백재호,홍혜은,황윤희,김하영,정은아,전예지,강솔희,양문정,장만민,이석형,권영찬,조준기,신황철,이미라,길도연,윤걸,이태민,장동규,한세하,김세인,윤진희,고영석,윤혜리,김효신,이진호,김연지,박장순,이홍래,김서현,김소라,이명로,배중재,김영애,정찬길,이승현,이가은,신선우,이희옥,김연준,김희진,심주원,서상우,한세하"
32,제17회 대단한 단편영화제 단편경쟁 4,,"120,000",0.0%,"120,000",100.0%,"120,000",15,15,100.0%,15,1,1,한국,한국,,,,"드라마,애니메이션",,
32,온리 갓 노우즈 에브리띵,2025-08-22,"115,000",0.0%,"-3,324,000",-96.7%,"209,117,420",15,-419,-96.5%,"23,949",5,5,한국,한국,(주)백그림,(주)트리플픽쳐스,15세이상관람가,"미스터리,스릴러",백승환,"신승호,한지은,박명훈,전소민,이중옥,이지현,유성주,신서우,정은경,이재환,유지혁,김일현,유병훈,이병수,송동환,백주환,이창주,남중규,유재명,양권석,이윤화,주상현,배성민,황원규,강해빈"
34,제17회 대단한 단편영화제 단편경쟁 3,,"112,000",0.0%,"112,000",100.0%,"112,000",14,14,100.0%,14,1,1,한국,한국,,,,"드라마,애니메이션,스릴러,멜로/로맨스,공포(호러)",,
35,제17회 대단한 단편영화제 단편경쟁 6,,"104,000",0.0%,"104,000",100.0%,"104,000",13,13,100.0%,13,1,1,한국,한국,,,,"드라마,애니메이션,미스터리,코미디",,
36,봄밤,2025-07-09,"124,000",0.0%,"42,000",51.2%,"77,834,400",12,3,33.3%,"9,052",1,1,한국,한국,월원영화사,(주)시네마달,15세이상관람가,드라마,강미자,"한예리,김설진,김선재,정명원,김승환,오다민"
37,클리어,,"89,000",0.0%,"17,000",23.6%,"161,000",11,3,37.5%,19,2,2,한국,한국,,,,드라마,,
38,변태 여교수의 진짜 성욕,,"50,000",0.0%,"50,000",100.0%,"50,000",10,10,100.0%,10,1,1,한국,한국,,,청소년관람불가,성인물(에로),,
38,제42회 부산국제단편영화제 순회상영회 '찾아가는 부산국제단편영화제'국내수상작,,"95,000",0.0%,"-181,000",-65.6%,"371,000",10,-26,-72.2%,46,1,1,한국,한국,,,,"드라마,애니메이션,다큐멘터리",,
40,아가씨,2016-06-01,"90,000",0.0%,"80,000",800.0%,"35,230,245,891",9,8,800.0%,"4,289,949",1,1,한국,한국,"유한회사 아가씨에프에스,모호필름,(주)용필름",(주)씨제이이엔엠,청소년관람불가,"스릴러,드라마",박찬욱,"김민희,김태리,하정우,조진웅,김해숙,문소리,최병모,김인우,이용녀,조은형,장한순,이규정,이승준,이윤재,김시은,안성봉,박기륭,원근희,정인겸"
41,3일의 휴가,2023-12-06,"56,000",0.0%,"42,000",300.0%,"4,964,377,917",8,6,300.0%,"530,494",1,1,한국,한국,글뫼 주식회사,(주)쇼박스,12세이상관람가,"판타지,드라마",육상효,"김해숙,신민아,강기영,황보라,박명훈"
41,춘희막이,2015-09-30,"26,500",0.0%,"26,500",100.0%,"206,226,465",8,8,100.0%,"29,660",1,1,한국,한국,(주)하이하버픽쳐스,"메가박스중앙(주) 플러스엠 엔터테인먼트,(주)엣나인필름",12세이상관람가,다큐멘터리,박혁지,"김춘희,최막이"
43,스피릿 핑거스! 5화,2025-09-03,"42,000",0.0%,"-28,000",-40.0%,"196,000",6,-4,-40.0%,28,1,1,한국,한국,주식회사 넘버쓰리픽쳐스,주식회사 넘버쓰리픽쳐스,12세이상관람가,"드라마,멜로/로맨스",이철하,"박지후,조준영,최보민,박유나"
43,같은 속옷을 입는 두 여자,2022-11-10,"19,000",0.0%,"19,000",100.0%,"76,864,892",6,6,100.0%,"8,503",1,1,한국,한국,한국영화아카데미,찬란,15세이상관람가,드라마,김세인,"임지호,양말복,정보람,양흥주,이유경,최경준,이양희,권정은,박희은,안수경,문종훈,이우정,이호원,이지은,김하진,김선율,성미경,박성일,신정은,최선웅,최요운,윤태희,장지용,신치영,임동민,오은지,김미영,이은조"
43,스피릿 핑거스! 6화,2025-09-03,"42,000",0.0%,"-28,000",-40.0%,"203,000",6,-4,-40.0%,29,1,1,한국,한국,주식회사 넘버쓰리픽쳐스,주식회사 넘버쓰리픽쳐스,12세이상관람가,"드라마,멜로/로맨스",이철하,"박지후,조준영,최보민,박유나"
43,"그래도, 사랑해.",,"52,000",0.0%,"10,000",23.8%,"99,000",6,1,20.0%,12,1,1,한국,한국,,,,기타,,
47,수연의 선율,2025-08-06,"30,000",0.0%,"-26,500",-46.9%,"49,610,600",4,-10,-71.4%,"5,908",2,2,한국,한국,탄탄픽쳐스,(주)싸이더스,12세이상관람가,"가족,미스터리,스릴러",최종룡,"김보민,최이랑,김현정,진대연,최승원"
48,어른이 되면,2018-12-13,"10,000",0.0%,"10,000",100.0%,"46,299,400",3,3,100.0%,"6,609",1,1,한국,한국,,(주)시네마달,전체관람가,다큐멘터리,장혜영,"장혜정,장혜영,김정우,김진수,유인서,이은경,장혜정"
48,강령: 귀신놀이,2025-08-06,"19,000",0.0%,"-42,000",-68.9%,"706,034,300",3,-3,-50.0%,"72,291",2,2,한국,한국,(주)이오콘텐츠그룹,(주)스튜디오디에이치엘,15세이상관람가,"공포(호러),미스터리,스릴러",손동완,"김예림,이찬형,서동현,오소현,김은비,박서연,이다은,윤별하,유승아,정상훈,이진주,윤혜진,조수경,윤대성,노상현,김용선,구민혁,이경현,손평형,김지예,조예명,박승렬,김민호,손호은,김도훈,김진주,임세령,정유진,백가은,유영현"
48,겨울의 빛,,"21,000",0.0%,"-82,000",-79.6%,"124,000",3,-9,-75.0%,15,1,1,한국,한국,한국영화아카데미,,,드라마,조현서,
51,전지적 독자 시점,2025-07-23,"14,000",0.0%,"-428,000",-96.8%,"10,050,972,260",2,-54,-96.4%,"1,060,963",1,1,한국,한국,리얼라이즈픽쳐스(주),롯데컬처웍스(주)롯데엔터테인먼트,15세이상관람가,"판타지,액션",김병우,"안효섭,이민호,채수빈,신승호,나나,지수,권은성,박호산,최영준,이석,정성일,조성희,은수,이유진,문우진,정찬훈,노정현"
51,고고다이노 극장판: 게코도마뱀의 꿈,2025-07-30,"23,000",0.0%,"-170,500",-88.1%,"579,309,500",2,-27,-93.1%,"63,076",1,1,한국,한국,(주)모꼬지,(주)모꼬지,전체관람가,애니메이션,이원재,"임승미,원옥화,진양욱,조영철,우정민"
51,녹턴,2022-08-18,"4,000",0.0%,"-23,000",-85.2%,"82,030,100",2,-4,-66.7%,"11,640",1,2,한국,한국,포이에티케,(주)시네마달,12세이상관람가,다큐멘터리,정관조,"은성호,은건기,손민서"
54,극장판 다이노맨: 공룡산의 비밀,2025-07-25,"10,000",0.0%,"1,000",11.1%,"62,900,750",1,0,0.0%,"9,210",1,1,한국,한국,"(주)스튜디오버튼 ,(주)플레이그램",(주)플레이그램,전체관람가,애니메이션,김호락,
합계,,,"595,145,420",,,,"174,126,089,459","61,195",,,"19,336,666","1,973","4,742",,,,,,,,
,,,,,,,,,,,,,,,,,,,,,
●2025년 09월 04일(목),,,,,,,,,,,,,,,,,,,,,
순위,영화명,개봉일,매출액 ,매출액,매출액증감,매출액증감율(전일대비) ,누적매출액 ,관객수 ,관객수증감(전일대비) ,관객수증감율(전일대비) ,누적관객수 ,스크린수 ,상영횟수 ,대표국적 ,국적 ,제작사 ,배급사 ,등급 ,장르 ,감독 ,배우 
,,,,점유율 ,(전일대비) ,,,,,,,,,,,,,,,,
1,좀비딸,2025-07-30,"119,587,700",60.4%,"-14,043,000",-10.5%,"51,273,160,590","12,983","-1,619",-11.1%,"5,411,863",675,"1,729",한국,한국,스튜디오엔(주),(주)넥스트엔터테인먼트월드(NEW),12세이상관람가,"코미디,드라마",필감성,"조정석,이정은,조여정,윤경호,최유리,이주미"
2,악마가 이사왔다,2025-08-13,"12,823,700",6.5%,"-958,400",-7.0%,"4,035,317,910","1,535",18,1.2%,"425,187",88,109,한국,한국,(주)외유내강,(주)씨제이이엔엠,12세이상관람가,"미스터리,코미디",이상근,"임윤아,안보현,성동일,주현영"
3,3670,2025-09-03,"7,847,500",4.0%,"-6,020,200",-43.4%,"33,942,200",868,-636,-42.3%,"3,690",64,88,한국,한국,오롯필름,(주)엣나인필름,15세이상관람가,"드라마,멜로/로맨스",박준호,"조유현,김현목,조대희,배한솔,임지형,전두식,하승우,윤설,김진이,차미경,유태규"
4,3학년 2학기,2025-09-03,"6,468,800",3.3%,"-1,990,400",-23.5%,"38,074,000",804,-372,-31.6%,"4,671",80,93,한국,한국,작업장 봄,작업장 봄,12세이상관람가,드라마,이란희,"유이하,김성국,양지운,김소완,강진아"
5,가족의 비밀,2025-09-10,"5,742,000",2.9%,"5,742,000",100.0%,"5,742,000",638,638,100.0%,638,3,3,한국,한국,(주)오예스,(주)스튜디오디에이치엘,12세이상관람가,"드라마,코미디",이상훈,"김혜은,김법래,김보윤,김현재,윤기원,박현우,김이온,김형묵,최홍일,안신우,장명갑,김홍표,이윤권,최원준,권훈,김나은,김신영,이서연,박관우,김진혁,최준식,김태엽,오승호,박정현,서민주,오연희,김정인,손상경,한다희,고나영,오채영,류자영,오영준,박선우,이도하,이재민,이재원,양원석,김정훈,이장현,이상민,김은정,권순상,허진석"
6,온리 갓 노우즈 에브리띵,2025-08-22,"3,439,000",1.7%,"877,700",34.3%,"209,002,420",434,110,34.0%,"23,934",18,19,한국,한국,(주)백그림,(주)트리플픽쳐스,15세이상관람가,"미스터리,스릴러",백승환,"신승호,한지은,박명훈,전소민,이중옥,이지현,유성주,신서우,정은경,이재환,유지혁,김일현,유병훈,이병수,송동환,백주환,이창주,남중규,유재명,양권석,이윤화,주상현,배성민,황원규,강해빈"
7,베베핀 극장판: 사라진 베베핀과 핑크퐁 대모험,2025-07-24,"2,537,500",1.3%,"1,606,500",172.6%,"2,063,041,330",365,223,157.0%,"224,357",12,12,한국,한국,더핑크퐁컴퍼니(주),(주)넥스트엔터테인먼트월드(NEW),전체관람가,애니메이션,변희선,"조경이,엠머슨브룩김,이현경,김해나,강은애"
8,독립군: 끝나지 않은 전쟁,2025-08-13,"3,104,700",1.6%,"-4,759,300",-60.5%,"392,681,120",360,-447,-55.4%,"43,391",25,25,한국,한국,"주식회사 블루필름웍스,제니필름",주식회사 블루필름웍스,전체관람가,다큐멘터리,문승욱,조진웅
9,엔하이픈 브이알콘서트 : 이머전,2025-08-08,"11,649,000",5.9%,"-2,475,000",-17.5%,"623,934,000",353,-75,-17.5%,"19,198",1,8,한국,한국,(주)어메이즈브이알코리아,(주)어메이즈브이알코리아,전체관람가,드라마,김경국,
10,지리멸렬,,"960,000",0.5%,"-1,335,000",-58.2%,"11,102,500",320,-445,-58.2%,"3,702",75,86,한국,한국,한국영화아카데미,㈜인디스토리,12세이상관람가,코미디,봉준호,"유연수,윤일주,김뢰하,신동환"
11,킹 오브 킹스,2025-07-16,"2,543,500",1.3%,"-3,280,000",-56.3%,"12,243,171,076",313,-309,-49.7%,"1,297,859",23,25,한국,한국,(주)모팩스튜디오,(주)디스테이션,전체관람가,애니메이션,장성호,"이병헌,진선규,이하늬,양동근,차인표,권오중,장광,피어스 브로스넌,오스카 아이삭,케네스 브래너,우마 서먼,마크 해밀,포레스트 휘테커,벤 킹슬리,로만 그리핀 데이비스"
12,마지막 숙제,2025-09-03,"2,268,600",1.1%,"-2,193,200",-49.2%,"20,937,400",286,-171,-37.4%,"2,145",66,75,한국,한국,(주)스튜디오킬러웨일,"(주)이놀미디어,(주)스튜디오킬러웨일,(주)에스더블유콘텐츠",12세이상관람가,드라마,이정철,"엄태웅,박상면,이재준,최이나,윤현숙,정선우,이성종,전수경"
13,아이 캔 스피크,2017-09-21,"914,000",0.5%,"640,000",233.6%,"25,592,038,886",252,120,90.9%,"3,289,396",2,5,한국,한국,주식회사 영화사 시선,"(주)마노엔터테인먼트,롯데쇼핑㈜롯데엔터테인먼트,(주)리틀빅픽쳐스",12세이상관람가,코미디,김현석,"나문희,이제훈,박철민,염혜란,성유빈,김소진,이상희,정연주,이지훈,손숙,이재인,최수인,이대연,박준서,이정현,홍상원,황연희,우지현,이신성,우상기,이정현,손성찬,정원창,김자영,김경덕,손경원,설창희,정태야,추연규,이승민,이범규,김선경"
14,"부정선거, 신의 작품인가 감독판",,"1,800,000",0.9%,"1,800,000",100.0%,"1,800,000",180,180,100.0%,180,1,1,한국,한국,,루디아코프,12세이상관람가,다큐멘터리,,
15,기적의 시작,2024-02-22,"1,106,000",0.6%,"1,106,000",100.0%,"229,589,752",158,158,100.0%,"26,916",1,1,한국,한국,퓨어웨이픽쳐스,퓨어웨이픽쳐스,12세이상관람가,다큐멘터리,권순도,임동진
16,다른 것으로 알려질 뿐이지,2025-08-27,"1,676,500",0.8%,"541,000",47.6%,"24,437,450",157,51,48.1%,"2,409",24,25,한국,한국,(주)보더리스필름,영화로운 형제,15세이상관람가,"드라마,멜로/로맨스",조희영,"공민정,정보람,정회린,감동환,류세일,유의태"
17,백산 - 의령에서 발해까지,2025-02-05,"1,078,000",0.5%,"868,000",413.3%,"133,135,000",154,132,600.0%,"20,248",1,1,한국,한국,(주)KNN,(주)드림팩트엔터테인먼트,전체관람가,다큐멘터리,진재운,
18,경아의 딸,2022-06-16,"1,224,000",0.6%,"1,224,000",100.0%,"65,351,100",136,136,100.0%,"9,348",1,1,한국,한국,주마등필름,㈜인디스토리,15세이상관람가,드라마,김정은,"김정영,하윤경,임형태,이채경,이지하,최희진,김우겸,이세랑,양흥주,양석희,박혜진,장호준,김아석,유병훈,이혜림,방예인,김학룡,한서준,이슬이,이수아,이천희,변성범,박윤석,이지원,구자은,김예지,금동호,곽민준,장준휘,전소현,장리우,임용순,권오성,최혜영,이형주,박송열,목충헌"
19,건국전쟁2,2025-09-10,"1,558,500",0.8%,"-97,500",-5.9%,"3,214,500",135,-49,-26.6%,319,1,1,한국,한국,다큐스토리프로덕션,다큐스토리프로덕션,12세이상관람가,다큐멘터리,김덕영,
20,비밀일 수밖에,2025-09-10,"900,000",0.5%,"-6,255,000",-87.4%,"12,698,500",100,-695,-87.4%,"1,274",1,1,한국,한국,"(주)에이디사공육,주식회사 슈아픽처스","주식회사 슈아픽처스,(주)에이디사공육",12세이상관람가,"드라마,코미디",김대환,"장영남,류경수,스테파니 리,옥지영,박지일,박지아"
20,승리의 시작,2025-06-19,"700,000",0.4%,"690,000",6900.0%,"43,327,800",100,99,9900.0%,"5,216",1,1,한국,한국,퓨어웨이픽쳐스,퓨어웨이픽쳐스,12세이상관람가,다큐멘터리,권순도,신유환
20,백두산,2019-12-19,"600,000",0.3%,"600,000",100.0%,"69,832,288,800",100,100,100.0%,"8,253,570",1,1,한국,한국,"주식회사 덱스터 픽쳐스,(주)퍼펙트스톰필름,(주)씨제이이엔엠","(주)씨제이이엔엠,(주)덱스터스튜디오",12세이상관람가,"어드벤처,드라마","이해준,김병서","이병헌,하정우,마동석,전혜진,배수지,손성찬,서명찬,양지수,박준영,양대혁,김재철,박지훈,변우석,지화섭,김지민,이정민,허승,차시원,김훈만,손영순,박태산,우진혁,신성일,김세윤,김정현,허지나,김지훈,한창민,남상지,김연교,정윤하,김하라,이은희,이상원,옥자연,한수현,강신철,이경영,조한철,최광일,김시아,임형국,박주환,남성준,김민식,박지홍,서현우,김준원,남문철,박성근,전도연,노종면,이광연,이종원,김경수,박윤미,염상훈,차해리,김태은,서석규,서문호,장재희,나경진,김효준,김성혁,권수진,임윤비,장근영,서문호,한동훈,오지영,박정숙,홍지아,임수아,권귀덕,김기태,김찬욱,김양원,김시원,김대경,강규현,박범석,이재한,임무빈,장나라,서영재,김통령,최정현,이한결,안구희,최홍락,정상균,이육헌,권혁일,이두원,이창석,장용희,김동빈,김영경,김진문,민병욱,윤슬기,이형주,정진혁,한동훈,백경윤,고한민,허승,양지수,한동훈,서문호,김연교,정한빈,나경철"
23,첫여름,,"343,000",0.2%,"145,000",73.2%,"50,065,000",85,19,28.8%,"15,839",16,18,한국,한국,한국영화아카데미,한국영화아카데미,15세이상관람가,드라마,허가영,"허진,정인기"
24,식스데이즈,2025-08-13,"1,584,000",0.8%,"-44,000",-2.7%,"998,922,000",72,-2,-2.7%,"45,585",15,15,한국,한국,(주)MBC,"씨지브이 아이스콘,씨제이포디플렉스 주식회사",전체관람가,"드라마,다큐멘터리",,
25,퇴마록,2025-02-21,"520,000",0.3%,"520,000",100.0%,"4,764,609,600",65,65,100.0%,"502,613",1,1,한국,한국,(주)로커스,(주)쇼박스,12세이상관람가,"애니메이션,액션,미스터리",김동철,"최한,남도형,정유정,김연우,홍승효,황창영,김민주,표영재"
26,추적,2025-08-06,"612,000",0.3%,"-2,986,000",-83.0%,"145,629,900",62,-342,-84.7%,"15,986",2,2,한국,한국,뉴스타파 필름,(주)엣나인필름,12세이상관람가,다큐멘터리,최승호,
27,전지적 독자 시점,2025-07-23,"442,000",0.2%,"421,000",2004.8%,"10,050,958,260",56,53,1766.7%,"1,060,961",3,3,한국,한국,리얼라이즈픽쳐스(주),롯데컬처웍스(주)롯데엔터테인먼트,15세이상관람가,"판타지,액션",김병우,"안효섭,이민호,채수빈,신승호,나나,지수,권은성,박호산,최영준,이석,정성일,조성희,은수,이유진,문우진,정찬훈,노정현"
27,여름이 지나가면,2025-07-09,"540,500",0.3%,"141,500",35.5%,"92,134,300",56,14,33.3%,"10,107",16,16,한국,한국,㈜스튜디오 하이파이브,(주)엣나인필름,15세이상관람가,드라마,장병기,"이재준,최현진,최우록,고서희,강길우"
29,바로 지금 여기,2025-09-17,"357,000",0.2%,"-831,000",-69.9%,"9,985,000",51,-81,-61.4%,"1,109",1,1,한국,한국,영화사 공생공락,미디어나무(주),12세이상관람가,다큐멘터리,"남태제,문정현,김진열",
30,대비상망,1975-06-06,"92,000",0.0%,"-28,000",-23.3%,"430,000",46,-14,-23.3%,215,1,4,한국,한국,남아진흥,(주)프리즘웍스,15세이상관람가,액션,전우열,"한용철,오경아"
31,제17회 대단한 단편영화제 단편스페셜 1,,"360,000",0.2%,"360,000",100.0%,"360,000",45,45,100.0%,45,1,1,한국,한국,,,,드라마,,
32,하이파이브,2025-05-30,"315,000",0.2%,"269,400",590.8%,"17,543,531,520",44,40,1000.0%,"1,893,330",2,2,한국,한국,(주)안나푸르나필름,(주)넥스트엔터테인먼트월드(NEW),15세이상관람가,"코미디,액션",강형철,"이재인,안재홍,유아인,라미란,김희원,김수혁,오정세,신구,박진영,진희경,장광,박형수,유승목,안승균,오하늬,김원해,이동휘,현봉식,정다원,윤지수,문도선,박병렬,이태영,강효준,김종태,임채선,이환진,노익현,류경환,장준현,박우준,이규영,최은경,임한나,배한용,이승철,김희상,임서영,최동구,김태순,송병훈,윤정로,최원,김기남,한주미,황지아,나진수,김우택,유진호,김영조,김봉희,박경현,박복만,박노아,김민규"
33,꼬마마법사 주니토니,2025-07-26,"287,000",0.1%,"210,000",272.7%,"510,208,400",41,33,412.5%,"58,547",1,1,한국,한국,,"씨제이 씨지브이(CJ CGV)(주),와이드 릴리즈(주)",전체관람가,애니메이션,서동해,"김연우,김은아,정재헌,엄상현,한만중,장미,이소영,홍소영,이민규,김단"
34,뿌까의 짜장면파티,2022-07-04,"234,000",0.1%,"-228,000",-49.4%,"248,952,500",39,-38,-49.4%,"41,311",1,1,한국,한국,(주)에픽캔,(주)에픽캔,전체관람가,기타,박상용,"유진주,임종웅,이은정,박중언,김기영,임재홍,신지윤,김민아,이지현,김은미,엄상현"
35,소주전쟁,2025-05-30,"210,000",0.1%,"60,000",40.0%,"2,634,961,950",30,5,20.0%,"283,215",1,1,한국,한국,더램프(주),(주)쇼박스,15세이상관람가,드라마,,"유해진,이제훈,손현주,최영준,김기해,한상조,윤지혜,이서환,박지일,김다흰,정형석,최교식,이창호,김문식,심우성,심우성,이선구,최희진,허진우"
36,고고다이노 극장판: 게코도마뱀의 꿈,2025-07-30,"193,500",0.1%,"126,500",188.8%,"579,286,500",29,23,383.3%,"63,074",4,4,한국,한국,(주)모꼬지,(주)모꼬지,전체관람가,애니메이션,이원재,"임승미,원옥화,진양욱,조영철,우정민"
37,헤어질 결심,2022-06-29,"194,000",0.1%,"-106,000",-35.3%,"19,786,907,678",20,-10,-33.3%,"1,909,021",1,2,한국,한국,모호필름,(주)씨제이이엔엠,15세이상관람가,"미스터리,멜로/로맨스",박찬욱,"박해일,탕웨이,이정현,고경표,김신영,정영숙,유승목,서현우,정이서,이학주,정소리,신안진,김도연,고민시,차서원,주인영,윤성원,최선자,진용욱,안진상,박정민,박용우,정하담,최대훈,김미화,곽은진,안성봉,김성곤,문순주,현직,한서울,김도담,문정대,유인혜,권혁성,차상도,강경수,유태오,이지하,전성애,이경민,이용녀,김귀례,김도담,유다솜,김민준,김국진,김상현"
38,THE 자연인,2025-08-20,"140,000",0.1%,"-157,000",-52.9%,"16,464,800",18,-21,-53.8%,"1,881",7,7,한국,한국,스톤워크,스톤워크,12세이상관람가,"코미디,미스터리",노영석,"변재신,정용훈,신운섭,이란희"
39,제17회 대단한 단편영화제 단편경쟁 1,,"136,000",0.1%,"136,000",100.0%,"136,000",17,17,100.0%,17,1,1,한국,한국,,,,"드라마,미스터리,다큐멘터리",,
40,제17회 대단한 단편영화제 단편경쟁 5,,"128,000",0.1%,"128,000",100.0%,"128,000",16,16,100.0%,16,1,1,한국,한국,,,,"드라마,판타지,애니메이션",,
41,제17회 대단한 단편영화제 단편경쟁 7,,"112,000",0.1%,"112,000",100.0%,"112,000",14,14,100.0%,14,1,1,한국,한국,,,,"드라마,코미디,애니메이션",,
42,스피릿 핑거스! 6화,2025-09-03,"70,000",0.0%,"-21,000",-23.1%,"161,000",10,-3,-23.1%,23,2,2,한국,한국,주식회사 넘버쓰리픽쳐스,주식회사 넘버쓰리픽쳐스,12세이상관람가,"드라마,멜로/로맨스",이철하,"박지후,조준영,최보민,박유나"
42,스피릿 핑거스! 5화,2025-09-03,"70,000",0.0%,"-14,000",-16.7%,"154,000",10,-2,-16.7%,22,2,2,한국,한국,주식회사 넘버쓰리픽쳐스,주식회사 넘버쓰리픽쳐스,12세이상관람가,"드라마,멜로/로맨스",이철하,"박지후,조준영,최보민,박유나"
42,우리 둘 사이에,2025-07-30,"39,000",0.0%,"-81,000",-67.5%,"24,568,100",10,-6,-37.5%,"2,887",2,2,한국,한국,(주)영화사진,㈜인디스토리,12세이상관람가,드라마,성지혜,"김시은,설정환,오지후,강말금"
45,봄밤,2025-07-09,"82,000",0.0%,"-116,000",-58.6%,"77,710,400",9,-11,-55.0%,"9,040",2,2,한국,한국,월원영화사,(주)시네마달,15세이상관람가,드라마,강미자,"한예리,김설진,김선재,정명원,김승환,오다민"
46,클리어,,"72,000",0.0%,"72,000",100.0%,"72,000",8,8,100.0%,8,2,2,한국,한국,,,,드라마,,
47,식사이론,2025-08-20,"28,000",0.0%,"-32,000",-53.3%,"13,014,000",7,-8,-53.3%,"3,252",4,4,한국,한국,"주식회사 알바트로스픽처스,데저트블룸픽처스 주식회사",롯데컬처웍스(주)롯데시네마,12세이상관람가,"코미디,판타지,드라마",,홍진기
48,녹턴,2022-08-18,"27,000",0.0%,"23,000",575.0%,"82,026,100",6,4,200.0%,"11,638",1,2,한국,한국,포이에티케,(주)시네마달,12세이상관람가,다큐멘터리,정관조,"은성호,은건기,손민서"
48,강령: 귀신놀이,2025-08-06,"61,000",0.0%,"-25,000",-29.1%,"706,015,300",6,-2,-25.0%,"72,288",2,3,한국,한국,(주)이오콘텐츠그룹,(주)스튜디오디에이치엘,15세이상관람가,"공포(호러),미스터리,스릴러",손동완,"김예림,이찬형,서동현,오소현,김은비,박서연,이다은,윤별하,유승아,정상훈,이진주,윤혜진,조수경,윤대성,노상현,김용선,구민혁,이경현,손평형,김지예,조예명,박승렬,김민호,손호은,김도훈,김진주,임세령,정유진,백가은,유영현"
50,"그래도, 사랑해.",,"42,000",0.0%,"37,000",740.0%,"47,000",5,4,400.0%,6,2,2,한국,한국,,,,기타,,
51,노이즈,2025-06-25,"29,000",0.0%,"-109,000",-79.0%,"16,759,059,110",3,-9,-75.0%,"1,707,652",2,2,한국,한국,(주)화인컷,(주)바이포엠스튜디오,15세이상관람가,"공포(호러),스릴러",김수진,"이선빈,김민석,한수아,류경수,전익령,백주희,안석현,이은미"
51,야당: 익스텐디드 컷,2025-08-06,"19,000",0.0%,"-25,000",-56.8%,"244,640,020",3,-2,-40.0%,"27,277",2,2,한국,한국,(주)하이브미디어코프,메가박스중앙(주) 플러스엠 엔터테인먼트,청소년관람불가,"범죄,액션",황병국,"강하늘,유해진,박해준,류경수,채원빈"
53,3일의 휴가,2023-12-06,"14,000",0.0%,"7,000",100.0%,"4,964,321,917",2,1,100.0%,"530,486",1,1,한국,한국,글뫼 주식회사,(주)쇼박스,12세이상관람가,"판타지,드라마",육상효,"김해숙,신민아,강기영,황보라,박명훈"
54,815사수작전,2025-08-14,"8,000",0.0%,"-4,000",-33.3%,"3,598,500",1,-1,-50.0%,413,1,1,한국,한국,(주)하이씨씨,시네마 뉴원,12세이상관람가,코미디,손병조,"김인권,노영학"
54,극장판 다이노맨: 공룡산의 비밀,2025-07-25,"9,000",0.0%,"-248,000",-96.5%,"62,890,750",1,-50,-98.0%,"9,209",1,1,한국,한국,"(주)스튜디오버튼 ,(주)플레이그램",(주)플레이그램,전체관람가,애니메이션,김호락,
54,그날 처제는 맛있었다,,"6,000",0.0%,"6,000",100.0%,"6,000",1,1,100.0%,1,1,1,한국,한국,(주)영화사가을,(주)영화사가을,청소년관람불가,멜로/로맨스,,
54,업소녀들 : 스페셜 서비스,,"6,000",0.0%,"6,000",100.0%,"6,000",1,1,100.0%,1,1,1,한국,한국,(주)영화사가을,,청소년관람불가,멜로/로맨스,,
54,아가씨,2016-06-01,"10,000",0.0%,"-190,000",-95.0%,"35,230,155,891",1,-19,-95.0%,"4,289,940",1,1,한국,한국,"유한회사 아가씨에프에스,모호필름,(주)용필름",(주)씨제이이엔엠,청소년관람불가,"스릴러,드라마",박찬욱,"김민희,김태리,하정우,조진웅,김해숙,문소리,최병모,김인우,이용녀,조은형,장한순,이규정,이승준,이윤재,김시은,안성봉,박기륭,원근희,정인겸"
59,지역의 기억 - 단편,,0,0.0%,0,100.0%,0,0,0,100.0%,0,1,1,한국,한국,,,,다큐멘터리,,
59,깁,,0,0.0%,0,100.0%,0,0,0,100.0%,0,1,1,한국,한국,,,,드라마,권구윤,
합계,,,"197,921,000",,,,"282,490,217,830","21,621",,,"31,636,540","1,271","2,425",,,,,,,,
,,,,,,,,,,,,,,,,,,,,,
●2025년 09월 03일(수),,,,,,,,,,,,,,,,,,,,,
순위,영화명,개봉일,매출액 ,매출액,매출액증감,매출액증감율(전일대비) ,누적매출액 ,관객수 ,관객수증감(전일대비) ,관객수증감율(전일대비) ,누적관객수 ,스크린수 ,상영횟수 ,대표국적 ,국적 ,제작사 ,배급사 ,등급 ,장르 ,감독 ,배우 
,,,,점유율 ,(전일대비) ,,,,,,,,,,,,,,,,
1,좀비딸,2025-07-30,"133,630,700",55.0%,"-20,660,580",-13.4%,"51,153,572,890","14,602","-2,147",-12.8%,"5,398,880",688,"1,804",한국,한국,스튜디오엔(주),(주)넥스트엔터테인먼트월드(NEW),12세이상관람가,"코미디,드라마",필감성,"조정석,이정은,조여정,윤경호,최유리,이주미"
2,살인자 리포트,2025-09-05,"17,028,000",7.0%,"10,692,000",168.8%,"25,110,000","1,892","1,188",168.8%,"2,790",10,10,한국,한국,"주식회사 위드에이스튜디오,(주)엠아이케이스튜디오","소니픽쳐스엔터테인먼트코리아주식회사극장배급지점,주식회사 에이투지엔터테인먼트",청소년관람불가,"드라마,스릴러",조영준,"조여정,정성일"
3,악마가 이사왔다,2025-08-13,"13,782,100",5.7%,"-13,020,600",-48.6%,"4,022,494,210","1,517","-1,422",-48.4%,"423,652",120,149,한국,한국,(주)외유내강,(주)씨제이이엔엠,12세이상관람가,"미스터리,코미디",이상근,"임윤아,안보현,성동일,주현영"
4,3670,2025-09-03,"13,867,700",5.7%,"13,347,700",2566.9%,"26,094,700","1,504","1,452",2792.3%,"2,822",72,99,한국,한국,오롯필름,(주)엣나인필름,15세이상관람가,"드라마,멜로/로맨스",박준호,"조유현,김현목,조대희,배한솔,임지형,전두식,하승우,윤설,김진이,차미경,유태규"
5,3학년 2학기,2025-09-03,"8,459,200",3.5%,"8,459,200",100.0%,"31,605,200","1,176","1,176",100.0%,"3,867",91,104,한국,한국,작업장 봄,작업장 봄,12세이상관람가,드라마,이란희,"유이하,김성국,양지운,김소완,강진아"
6,독립군: 끝나지 않은 전쟁,2025-08-13,"7,864,000",3.2%,"4,117,400",109.9%,"389,576,420",807,392,94.5%,"43,031",34,34,한국,한국,"주식회사 블루필름웍스,제니필름",주식회사 블루필름웍스,전체관람가,다큐멘터리,문승욱,조진웅
7,지리멸렬,,"2,295,000",0.9%,"1,821,000",384.2%,"10,142,500",765,607,384.2%,"3,382",88,108,한국,한국,한국영화아카데미,㈜인디스토리,12세이상관람가,코미디,봉준호,"유연수,윤일주,김뢰하,신동환"
8,킹 오브 킹스,2025-07-16,"5,823,500",2.4%,"1,775,700",43.9%,"12,240,627,576",622,207,49.9%,"1,297,546",30,31,한국,한국,(주)모팩스튜디오,(주)디스테이션,전체관람가,애니메이션,장성호,"이병헌,진선규,이하늬,양동근,차인표,권오중,장광,피어스 브로스넌,오스카 아이삭,케네스 브래너,우마 서먼,마크 해밀,포레스트 휘테커,벤 킹슬리,로만 그리핀 데이비스"
9,마지막 숙제,2025-09-03,"4,461,800",1.8%,"3,201,800",254.1%,"18,668,800",457,331,262.7%,"1,859",66,79,한국,한국,(주)스튜디오킬러웨일,"(주)이놀미디어,(주)스튜디오킬러웨일,(주)에스더블유콘텐츠",12세이상관람가,드라마,이정철,"엄태웅,박상면,이재준,최이나,윤현숙,정선우,이성종,전수경"
10,홈캠,2025-09-10,"3,942,000",1.6%,"3,942,000",100.0%,"11,283,000",438,438,100.0%,"1,403",2,2,한국,한국,(주)엠픽처스,(주)스튜디오 산타클로스엔터테인먼트,15세이상관람가,공포(호러),오세호,"윤세아,윤별하,권혁,리마 탄 비_항"
11,엔하이픈 브이알콘서트 : 이머전,2025-08-08,"14,124,000",5.8%,"1,386,000",10.9%,"612,285,000",428,42,10.9%,"18,845",1,8,한국,한국,(주)어메이즈브이알코리아,(주)어메이즈브이알코리아,전체관람가,드라마,김경국,
12,추적,2025-08-06,"3,598,000",1.5%,"3,578,000",17890.0%,"145,017,900",404,402,20100.0%,"15,924",5,6,한국,한국,뉴스타파 필름,(주)엣나인필름,12세이상관람가,다큐멘터리,최승호,
13,온리 갓 노우즈 에브리띵,2025-08-22,"2,561,300",1.1%,"-3,514,200",-57.8%,"205,563,420",324,-425,-56.7%,"23,500",23,24,한국,한국,(주)백그림,(주)트리플픽쳐스,15세이상관람가,"미스터리,스릴러",백승환,"신승호,한지은,박명훈,전소민,이중옥,이지현,유성주,신서우,정은경,이재환,유지혁,김일현,유병훈,이병수,송동환,백주환,이창주,남중규,유재명,양권석,이윤화,주상현,배성민,황원규,강해빈"
14,길 위의 뭉치,,"2,500,000",1.0%,"1,100,000",78.6%,"30,508,000",200,60,42.9%,"3,123",1,1,한국,한국,(주)오돌또기,,전체관람가,애니메이션,"오성윤,이춘백","도경수,박소담,박철민,강석"
15,베베핀 극장판: 사라진 베베핀과 핑크퐁 대모험,2025-07-24,"931,000",0.4%,"413,000",79.7%,"2,060,503,830",142,76,115.2%,"223,992",5,5,한국,한국,더핑크퐁컴퍼니(주),(주)넥스트엔터테인먼트월드(NEW),전체관람가,애니메이션,변희선,"조경이,엠머슨브룩김,이현경,김해나,강은애"
16,아이 캔 스피크,2017-09-21,"274,000",0.1%,"-1,517,000",-84.7%,"25,591,124,886",132,-256,-66.0%,"3,289,144",1,4,한국,한국,주식회사 영화사 시선,"(주)마노엔터테인먼트,롯데쇼핑㈜롯데엔터테인먼트,(주)리틀빅픽쳐스",12세이상관람가,코미디,김현석,"나문희,이제훈,박철민,염혜란,성유빈,김소진,이상희,정연주,이지훈,손숙,이재인,최수인,이대연,박준서,이정현,홍상원,황연희,우지현,이신성,우상기,이정현,손성찬,정원창,김자영,김경덕,손경원,설창희,정태야,추연규,이승민,이범규,김선경"
16,바로 지금 여기,2025-09-17,"1,188,000",0.5%,"468,000",65.0%,"9,628,000",132,52,65.0%,"1,058",1,1,한국,한국,영화사 공생공락,미디어나무(주),12세이상관람가,다큐멘터리,"남태제,문정현,김진열",
18,다른 것으로 알려질 뿐이지,2025-08-27,"1,135,500",0.5%,"-737,000",-39.4%,"22,760,950",106,-91,-46.2%,"2,252",19,20,한국,한국,(주)보더리스필름,영화로운 형제,15세이상관람가,"드라마,멜로/로맨스",조희영,"공민정,정보람,정회린,감동환,류세일,유의태"
19,식스데이즈,2025-08-13,"1,628,000",0.7%,"-1,078,000",-39.8%,"997,338,000",74,-49,-39.8%,"45,513",16,16,한국,한국,(주)MBC,"씨지브이 아이스콘,씨제이포디플렉스 주식회사",전체관람가,"드라마,다큐멘터리",,
20,첫여름,,"198,000",0.1%,"-99,000",-33.3%,"49,722,000",66,-33,-33.3%,"15,754",17,19,한국,한국,한국영화아카데미,한국영화아카데미,15세이상관람가,드라마,허가영,"허진,정인기"
21,대비상망,1975-06-06,"120,000",0.0%,"18,000",17.6%,"338,000",60,9,17.6%,169,1,3,한국,한국,남아진흥,(주)프리즘웍스,15세이상관람가,액션,전우열,"한용철,오경아"
22,극장판 다이노맨: 공룡산의 비밀,2025-07-25,"257,000",0.1%,"250,000",3571.4%,"62,881,750",51,50,5000.0%,"9,208",2,2,한국,한국,"(주)스튜디오버튼 ,(주)플레이그램",(주)플레이그램,전체관람가,애니메이션,김호락,
23,내가 누워있을 때,2025-05-28,"500,000",0.2%,"500,000",100.0%,"15,265,600",50,50,100.0%,"1,647",1,1,한국,한국,(주)시네마달,(주)시네마달,12세이상관람가,드라마,최정문,"정지인,오우리,박보람,김영필,이한주,한지원,양말복,백현주,홍승이,하성훈,김현영,서상원,김주헌,이상희"
24,여름이 지나가면,2025-07-09,"399,000",0.2%,"-527,500",-56.9%,"91,593,800",42,-54,-56.3%,"10,051",12,12,한국,한국,㈜스튜디오 하이파이브,(주)엣나인필름,15세이상관람가,드라마,장병기,"이재준,최현진,최우록,고서희,강길우"
25,THE 자연인,2025-08-20,"297,000",0.1%,"-366,000",-55.2%,"16,324,800",39,-44,-53.0%,"1,863",8,8,한국,한국,스톤워크,스톤워크,12세이상관람가,"코미디,미스터리",노영석,"변재신,정용훈,신운섭,이란희"
26,헤어질 결심,2022-06-29,"300,000",0.1%,"-163,000",-35.2%,"19,786,713,678",30,-19,-38.8%,"1,909,001",1,1,한국,한국,모호필름,(주)씨제이이엔엠,15세이상관람가,"미스터리,멜로/로맨스",박찬욱,"박해일,탕웨이,이정현,고경표,김신영,정영숙,유승목,서현우,정이서,이학주,정소리,신안진,김도연,고민시,차서원,주인영,윤성원,최선자,진용욱,안진상,박정민,박용우,정하담,최대훈,김미화,곽은진,안성봉,김성곤,문순주,현직,한서울,김도담,문정대,유인혜,권혁성,차상도,강경수,유태오,이지하,전성애,이경민,이용녀,김귀례,김도담,유다솜,김민준,김국진,김상현"
27,호랑님의 생일날,2024-10-04,"150,000",0.1%,"-12,000",-7.4%,"27,589,000",25,-2,-7.4%,"4,574",1,1,한국,한국,(주)니즈텔레콤,(주)니즈텔레콤,전체관람가,기타,이광범,
27,소주전쟁,2025-05-30,"150,000",0.1%,"-690,000",-82.1%,"2,634,751,950",25,-45,-64.3%,"283,185",1,1,한국,한국,더램프(주),(주)쇼박스,15세이상관람가,드라마,,"유해진,이제훈,손현주,최영준,김기해,한상조,윤지혜,이서환,박지일,김다흰,정형석,최교식,이창호,김문식,심우성,심우성,이선구,최희진,허진우"
29,세상 참 예쁜 오드리,2024-10-24,"138,000",0.1%,"138,000",100.0%,"97,047,320",23,23,100.0%,"10,517",1,1,한국,한국,"주식회사 비씨엠,(주)아센디오","주식회사 콘텐츠존,(주)다자인소프트",12세이상관람가,"가족,드라마",이영국,"김정난,박지훈,김보영,김기두,김이경,전영미,하시은,이필모,장신영"
30,백산 - 의령에서 발해까지,2025-02-05,"210,000",0.1%,"-2,000",-0.9%,"132,057,000",22,-2,-8.3%,"20,094",2,2,한국,한국,(주)KNN,(주)드림팩트엔터테인먼트,전체관람가,다큐멘터리,진재운,
31,아가씨,2016-06-01,"200,000",0.1%,"180,000",900.0%,"35,230,145,891",20,18,900.0%,"4,289,939",1,1,한국,한국,"유한회사 아가씨에프에스,모호필름,(주)용필름",(주)씨제이이엔엠,청소년관람불가,"스릴러,드라마",박찬욱,"김민희,김태리,하정우,조진웅,김해숙,문소리,최병모,김인우,이용녀,조은형,장한순,이규정,이승준,이윤재,김시은,안성봉,박기륭,원근희,정인겸"
31,봄밤,2025-07-09,"198,000",0.1%,"119,000",150.6%,"77,628,400",20,10,100.0%,"9,031",4,4,한국,한국,월원영화사,(주)시네마달,15세이상관람가,드라마,강미자,"한예리,김설진,김선재,정명원,김승환,오다민"
33,우리 둘 사이에,2025-07-30,"120,000",0.0%,"46,000",62.2%,"24,529,100",16,7,77.8%,"2,877",4,4,한국,한국,(주)영화사진,㈜인디스토리,12세이상관람가,드라마,성지혜,"김시은,설정환,오지후,강말금"
34,식사이론,2025-08-20,"60,000",0.0%,"-40,000",-40.0%,"12,986,000",15,-10,-40.0%,"3,245",6,7,한국,한국,"주식회사 알바트로스픽처스,데저트블룸픽처스 주식회사",롯데컬처웍스(주)롯데시네마,12세이상관람가,"코미디,판타지,드라마",,홍진기
35,수연의 선율,2025-08-06,"56,500",0.0%,"-139,500",-71.2%,"49,580,600",14,-7,-33.3%,"5,904",2,2,한국,한국,탄탄픽쳐스,(주)싸이더스,12세이상관람가,"가족,미스터리,스릴러",최종룡,"김보민,최이랑,김현정,진대연,최승원"
36,스피릿 핑거스! 6화,2025-09-03,"91,000",0.0%,"91,000",100.0%,"91,000",13,13,100.0%,13,2,2,한국,한국,주식회사 넘버쓰리픽쳐스,주식회사 넘버쓰리픽쳐스,12세이상관람가,"드라마,멜로/로맨스",이철하,"박지후,조준영,최보민,박유나"
37,겨울의 빛,,"103,000",0.0%,"103,000",100.0%,"103,000",12,12,100.0%,12,2,2,한국,한국,한국영화아카데미,,,드라마,조현서,
37,노이즈,2025-06-25,"138,000",0.1%,"50,000",56.8%,"16,759,030,110",12,1,9.1%,"1,707,649",3,3,한국,한국,(주)화인컷,(주)바이포엠스튜디오,15세이상관람가,"공포(호러),스릴러",김수진,"이선빈,김민석,한수아,류경수,전익령,백주희,안석현,이은미"
37,스피릿 핑거스! 5화,2025-09-03,"84,000",0.0%,"84,000",100.0%,"84,000",12,12,100.0%,12,2,2,한국,한국,주식회사 넘버쓰리픽쳐스,주식회사 넘버쓰리픽쳐스,12세이상관람가,"드라마,멜로/로맨스",이철하,"박지후,조준영,최보민,박유나"
40,강령: 귀신놀이,2025-08-06,"86,000",0.0%,"-553,500",-86.6%,"705,954,300",8,-55,-87.3%,"72,282",3,3,한국,한국,(주)이오콘텐츠그룹,(주)스튜디오디에이치엘,15세이상관람가,"공포(호러),미스터리,스릴러",손동완,"김예림,이찬형,서동현,오소현,김은비,박서연,이다은,윤별하,유승아,정상훈,이진주,윤혜진,조수경,윤대성,노상현,김용선,구민혁,이경현,손평형,김지예,조예명,박승렬,김민호,손호은,김도훈,김진주,임세령,정유진,백가은,유영현"
41,고고다이노 극장판: 게코도마뱀의 꿈,2025-07-30,"67,000",0.0%,"-144,000",-68.2%,"579,093,000",6,-17,-73.9%,"63,045",3,3,한국,한국,(주)모꼬지,(주)모꼬지,전체관람가,애니메이션,이원재,"임승미,원옥화,진양욱,조영철,우정민"
42,야당: 익스텐디드 컷,2025-08-06,"44,000",0.0%,"-16,000",-26.7%,"244,621,020",5,-3,-37.5%,"27,274",3,3,한국,한국,(주)하이브미디어코프,메가박스중앙(주) 플러스엠 엔터테인먼트,청소년관람불가,"범죄,액션",황병국,"강하늘,유해진,박해준,류경수,채원빈"
43,전주씨네투어 with 폴링인전주 2025 한국단편경쟁 수상작 모음,,"31,000",0.0%,"31,000",100.0%,"31,000",4,4,100.0%,4,2,2,한국,한국,,,,"드라마,다큐멘터리",,
44,전지적 독자 시점,2025-07-23,"21,000",0.0%,"-1,242,500",-98.3%,"10,050,516,260",3,-119,-97.5%,"1,060,905",1,1,한국,한국,리얼라이즈픽쳐스(주),롯데컬처웍스(주)롯데엔터테인먼트,15세이상관람가,"판타지,액션",김병우,"안효섭,이민호,채수빈,신승호,나나,지수,권은성,박호산,최영준,이석,정성일,조성희,은수,이유진,문우진,정찬훈,노정현"
44,검은 령,2025-08-27,"32,000",0.0%,"-302,000",-90.4%,"10,313,000",3,-38,-92.7%,"1,172",2,2,한국,한국,(주)날개엔터테인먼트,"(주)제이앤씨미디어그룹,와이드 릴리즈(주)",15세이상관람가,공포(호러),김현준,"아누팜 트리파티,임도화,송승현,김병춘,서동원,김혜나,곽수진,윤준원"
46,올드보이,2003-11-21,"14,000",0.0%,"14,000",100.0%,"2,080,578,000",2,2,100.0%,"317,451",1,1,한국,한국,"(주)에그필름,쇼이스트(주)","쇼이스트(주),(주)씨제이이엔엠",18세관람가,스릴러,박찬욱,"최민식,유지태,강혜정,김병옥,오달수,이승신,윤진서,지대한,오태경,유연석,김원중,박재용,박지훈,한정옥,박근석,곽정애,임설아,박성규,오영주,임승용,최재섭,이대연,오광록,김수현,용이,박명신"
46,녹턴,2022-08-18,"4,000",0.0%,0,0.0%,"81,999,100",2,0,0.0%,"11,632",1,2,한국,한국,포이에티케,(주)시네마달,12세이상관람가,다큐멘터리,정관조,"은성호,은건기,손민서"
48,"그래도, 사랑해.",,"5,000",0.0%,"5,000",100.0%,"5,000",1,1,100.0%,1,1,1,한국,한국,,,,기타,,
48,일과 날,2025-07-16,"3,000",0.0%,"-21,000",-87.5%,"12,376,400",1,-2,-66.7%,"1,431",1,1,한국,한국,비우무비,스튜디오 에이드,전체관람가,다큐멘터리,"박민수,안건형",
48,3일의 휴가,2023-12-06,"7,000",0.0%,"-161,000",-95.8%,"4,964,307,917",1,-23,-95.8%,"530,484",1,1,한국,한국,글뫼 주식회사,(주)쇼박스,12세이상관람가,"판타지,드라마",육상효,"김해숙,신민아,강기영,황보라,박명훈"
51,타미플루,,0,0.0%,0,100.0%,0,0,0,100.0%,0,1,1,한국,한국,,,,"드라마,판타지",,
합계,,,"243,177,300",,,,"191,402,163,278","26,325",,,"21,173,009","1,366","2,604",,,,,,,,
,,,,,,,,,,,,,,,,,,,,,
●2025년 09월 02일(화),,,,,,,,,,,,,,,,,,,,,
순위,영화명,개봉일,매출액 ,매출액,매출액증감,매출액증감율(전일대비) ,누적매출액 ,관객수 ,관객수증감(전일대비) ,관객수증감율(전일대비) ,누적관객수 ,스크린수 ,상영횟수 ,대표국적 ,국적 ,제작사 ,배급사 ,등급 ,장르 ,감독 ,배우 
,,,,점유율 ,(전일대비) ,,,,,,,,,,,,,,,,
1,좀비딸,2025-07-30,"154,291,280",68.9%,"-13,888,020",-8.3%,"51,019,942,190","16,749","-1,007",-5.7%,"5,384,278",696,"2,039",한국,한국,스튜디오엔(주),(주)넥스트엔터테인먼트월드(NEW),12세이상관람가,"코미디,드라마",필감성,"조정석,이정은,조여정,윤경호,최유리,이주미"
2,악마가 이사왔다,2025-08-13,"26,802,700",12.0%,"8,331,600",45.1%,"4,008,712,110","2,939","1,000",51.6%,"422,135",293,371,한국,한국,(주)외유내강,(주)씨제이이엔엠,12세이상관람가,"미스터리,코미디",이상근,"임윤아,안보현,성동일,주현영"
3,온리 갓 노우즈 에브리띵,2025-08-22,"6,075,500",2.7%,"2,173,400",55.7%,"203,002,120",749,278,59.0%,"23,176",63,66,한국,한국,(주)백그림,(주)트리플픽쳐스,15세이상관람가,"미스터리,스릴러",백승환,"신승호,한지은,박명훈,전소민,이중옥,이지현,유성주,신서우,정은경,이재환,유지혁,김일현,유병훈,이병수,송동환,백주환,이창주,남중규,유재명,양권석,이윤화,주상현,배성민,황원규,강해빈"
4,독립군: 끝나지 않은 전쟁,2025-08-13,"3,746,600",1.7%,"-1,809,200",-32.6%,"381,712,420",415,-200,-32.5%,"42,224",54,55,한국,한국,"주식회사 블루필름웍스,제니필름",주식회사 블루필름웍스,전체관람가,다큐멘터리,문승욱,조진웅
4,킹 오브 킹스,2025-07-16,"4,047,800",1.8%,"1,749,100",76.1%,"12,234,804,076",415,158,61.5%,"1,296,924",66,70,한국,한국,(주)모팩스튜디오,(주)디스테이션,전체관람가,애니메이션,장성호,"이병헌,진선규,이하늬,양동근,차인표,권오중,장광,피어스 브로스넌,오스카 아이삭,케네스 브래너,우마 서먼,마크 해밀,포레스트 휘테커,벤 킹슬리,로만 그리핀 데이비스"
6,아이 캔 스피크,2017-09-21,"1,791,000",0.8%,"1,776,000",11840.0%,"25,590,850,886",388,386,19300.0%,"3,289,012",3,6,한국,한국,주식회사 영화사 시선,"(주)마노엔터테인먼트,롯데쇼핑㈜롯데엔터테인먼트,(주)리틀빅픽쳐스",12세이상관람가,코미디,김현석,"나문희,이제훈,박철민,염혜란,성유빈,김소진,이상희,정연주,이지훈,손숙,이재인,최수인,이대연,박준서,이정현,홍상원,황연희,우지현,이신성,우상기,이정현,손성찬,정원창,김자영,김경덕,손경원,설창희,정태야,추연규,이승민,이범규,김선경"
7,엔하이픈 브이알콘서트 : 이머전,2025-08-08,"12,738,000",5.7%,"2,541,000",24.9%,"598,161,000",386,77,24.9%,"18,417",1,8,한국,한국,(주)어메이즈브이알코리아,(주)어메이즈브이알코리아,전체관람가,드라마,김경국,
8,다른 것으로 알려질 뿐이지,2025-08-27,"1,872,500",0.8%,"1,028,500",121.9%,"21,625,450",197,101,105.2%,"2,146",29,31,한국,한국,(주)보더리스필름,영화로운 형제,15세이상관람가,"드라마,멜로/로맨스",조희영,"공민정,정보람,정회린,감동환,류세일,유의태"
9,건국전쟁2,2025-09-10,"1,656,000",0.7%,"1,656,000",100.0%,"1,656,000",184,184,100.0%,184,1,1,한국,한국,다큐스토리프로덕션,다큐스토리프로덕션,12세이상관람가,다큐멘터리,김덕영,
10,지리멸렬,,"474,000",0.2%,"-129,000",-21.4%,"7,847,500",158,-43,-21.4%,"2,617",50,56,한국,한국,한국영화아카데미,㈜인디스토리,12세이상관람가,코미디,봉준호,"유연수,윤일주,김뢰하,신동환"
11,식스데이즈,2025-08-13,"2,706,000",1.2%,"-748,000",-21.7%,"995,710,000",123,-34,-21.7%,"45,439",26,32,한국,한국,(주)MBC,"씨지브이 아이스콘,씨제이포디플렉스 주식회사",전체관람가,"드라마,다큐멘터리",,
12,전지적 독자 시점,2025-07-23,"1,263,500",0.6%,"1,192,000",1667.1%,"10,050,495,260",122,116,1933.3%,"1,060,902",4,4,한국,한국,리얼라이즈픽쳐스(주),롯데컬처웍스(주)롯데엔터테인먼트,15세이상관람가,"판타지,액션",김병우,"안효섭,이민호,채수빈,신승호,나나,지수,권은성,박호산,최영준,이석,정성일,조성희,은수,이유진,문우진,정찬훈,노정현"
13,소풍,2024-02-07,"396,000",0.2%,"396,000",100.0%,"3,230,586,943",99,99,100.0%,"367,566",2,2,한국,한국,(주)로케트필름,롯데컬처웍스(주)롯데엔터테인먼트,12세이상관람가,드라마,김용균,"나문희,김영옥,박근형,류승수,이항나,공상아,임지규,최선자,이용이,한태일,곽자형,정혜자,나호숙,차희,신예서,엄주연,이주미,황효은,나은미,허종오,장재용,조형우,성병숙"
13,첫여름,,"297,000",0.1%,"-45,000",-13.2%,"49,524,000",99,-15,-13.2%,"15,688",23,26,한국,한국,한국영화아카데미,한국영화아카데미,15세이상관람가,드라마,허가영,"허진,정인기"
15,여름이 지나가면,2025-07-09,"926,500",0.4%,"279,500",43.2%,"91,194,800",96,6,6.7%,"10,009",6,6,한국,한국,㈜스튜디오 하이파이브,(주)엣나인필름,15세이상관람가,드라마,장병기,"이재준,최현진,최우록,고서희,강길우"
16,THE 자연인,2025-08-20,"663,000",0.3%,"-294,600",-30.8%,"16,027,800",83,-32,-27.8%,"1,824",21,21,한국,한국,스톤워크,스톤워크,12세이상관람가,"코미디,미스터리",노영석,"변재신,정용훈,신운섭,이란희"
17,베베핀 극장판: 사라진 베베핀과 핑크퐁 대모험,2025-07-24,"518,000",0.2%,0,0.0%,"2,059,572,830",66,5,8.2%,"223,850",12,12,한국,한국,더핑크퐁컴퍼니(주),(주)넥스트엔터테인먼트월드(NEW),전체관람가,애니메이션,변희선,"조경이,엠머슨브룩김,이현경,김해나,강은애"
18,강령: 귀신놀이,2025-08-06,"639,500",0.3%,"134,500",26.6%,"705,868,300",63,14,28.6%,"72,274",11,13,한국,한국,(주)이오콘텐츠그룹,(주)스튜디오디에이치엘,15세이상관람가,"공포(호러),미스터리,스릴러",손동완,"김예림,이찬형,서동현,오소현,김은비,박서연,이다은,윤별하,유승아,정상훈,이진주,윤혜진,조수경,윤대성,노상현,김용선,구민혁,이경현,손평형,김지예,조예명,박승렬,김민호,손호은,김도훈,김진주,임세령,정유진,백가은,유영현"
19,3670,2025-09-03,"520,000",0.2%,"-4,250,000",-89.1%,"12,227,000",52,-478,-90.2%,"1,318",1,1,한국,한국,오롯필름,(주)엣나인필름,15세이상관람가,"드라마,멜로/로맨스",박준호,"조유현,김현목,조대희,배한솔,임지형,전두식,하승우,윤설,김진이,차미경,유태규"
20,대비상망,1975-06-06,"102,000",0.0%,"-14,000",-12.1%,"218,000",51,-7,-12.1%,109,1,4,한국,한국,남아진흥,(주)프리즘웍스,15세이상관람가,액션,전우열,"한용철,오경아"
21,헤어질 결심,2022-06-29,"463,000",0.2%,"43,000",10.2%,"19,786,413,678",49,7,16.7%,"1,908,971",1,2,한국,한국,모호필름,(주)씨제이이엔엠,15세이상관람가,"미스터리,멜로/로맨스",박찬욱,"박해일,탕웨이,이정현,고경표,김신영,정영숙,유승목,서현우,정이서,이학주,정소리,신안진,김도연,고민시,차서원,주인영,윤성원,최선자,진용욱,안진상,박정민,박용우,정하담,최대훈,김미화,곽은진,안성봉,김성곤,문순주,현직,한서울,김도담,문정대,유인혜,권혁성,차상도,강경수,유태오,이지하,전성애,이경민,이용녀,김귀례,김도담,유다솜,김민준,김국진,김상현"
22,검은 령,2025-08-27,"334,000",0.1%,"-37,500",-10.1%,"10,281,000",41,3,7.9%,"1,169",17,18,한국,한국,(주)날개엔터테인먼트,"(주)제이앤씨미디어그룹,와이드 릴리즈(주)",15세이상관람가,공포(호러),김현준,"아누팜 트리파티,임도화,송승현,김병춘,서동원,김혜나,곽수진,윤준원"
23,호랑님의 생일날,2024-10-04,"162,000",0.1%,"162,000",100.0%,"27,439,000",27,27,100.0%,"4,549",1,1,한국,한국,(주)니즈텔레콤,(주)니즈텔레콤,전체관람가,기타,이광범,
24,식사이론,2025-08-20,"100,000",0.0%,"56,000",127.3%,"12,926,000",25,14,127.3%,"3,230",7,7,한국,한국,"주식회사 알바트로스픽처스,데저트블룸픽처스 주식회사",롯데컬처웍스(주)롯데시네마,12세이상관람가,"코미디,판타지,드라마",,홍진기
25,백산 - 의령에서 발해까지,2025-02-05,"212,000",0.1%,"-6,329,500",-96.8%,"131,847,000",24,"-1,223",-98.1%,"20,072",13,13,한국,한국,(주)KNN,(주)드림팩트엔터테인먼트,전체관람가,다큐멘터리,진재운,
26,고고다이노 극장판: 게코도마뱀의 꿈,2025-07-30,"211,000",0.1%,"-7,000",-3.2%,"579,026,000",23,-2,-8.0%,"63,039",10,10,한국,한국,(주)모꼬지,(주)모꼬지,전체관람가,애니메이션,이원재,"임승미,원옥화,진양욱,조영철,우정민"
27,수연의 선율,2025-08-06,"196,000",0.1%,"79,000",67.5%,"49,524,100",21,6,40.0%,"5,890",8,8,한국,한국,탄탄픽쳐스,(주)싸이더스,12세이상관람가,"가족,미스터리,스릴러",최종룡,"김보민,최이랑,김현정,진대연,최승원"
28,노이즈,2025-06-25,"88,000",0.0%,"51,000",137.8%,"16,758,892,110",11,7,175.0%,"1,707,637",4,4,한국,한국,(주)화인컷,(주)바이포엠스튜디오,15세이상관람가,"공포(호러),스릴러",김수진,"이선빈,김민석,한수아,류경수,전익령,백주희,안석현,이은미"
29,봄밤,2025-07-09,"79,000",0.0%,"-113,000",-58.9%,"77,430,400",10,-14,-58.3%,"9,011",1,2,한국,한국,월원영화사,(주)시네마달,15세이상관람가,드라마,강미자,"한예리,김설진,김선재,정명원,김승환,오다민"
30,우리 둘 사이에,2025-07-30,"74,000",0.0%,"24,000",48.0%,"24,409,100",9,4,80.0%,"2,861",3,3,한국,한국,(주)영화사진,㈜인디스토리,12세이상관람가,드라마,성지혜,"김시은,설정환,오지후,강말금"
31,꼬마마법사 주니토니,2025-07-26,"77,000",0.0%,"31,000",67.4%,"509,921,400",8,4,100.0%,"58,506",3,3,한국,한국,,"씨제이 씨지브이(CJ CGV)(주),와이드 릴리즈(주)",전체관람가,애니메이션,서동해,"김연우,김은아,정재헌,엄상현,한만중,장미,이소영,홍소영,이민규,김단"
31,무명 無名,2025-06-25,"80,000",0.0%,"-631,000",-88.7%,"646,113,500",8,-81,-91.0%,"68,280",1,1,한국,한국,재단법인 온누리선교재단(CGNTV),커넥트픽쳐스(주),12세이상관람가,다큐멘터리,유진주,"하정우,김중희"
31,야당: 익스텐디드 컷,2025-08-06,"60,000",0.0%,"-41,000",-40.6%,"244,577,020",8,-3,-27.3%,"27,269",4,4,한국,한국,(주)하이브미디어코프,메가박스중앙(주) 플러스엠 엔터테인먼트,청소년관람불가,"범죄,액션",황병국,"강하늘,유해진,박해준,류경수,채원빈"
34,스피릿 핑거스! 4화,2025-08-27,"35,000",0.0%,"14,000",66.7%,"483,000",5,2,66.7%,69,2,2,한국,한국,주식회사 넘버쓰리픽쳐스,주식회사 넘버쓰리픽쳐스,12세이상관람가,"드라마,멜로/로맨스",이철하,"박지후,조준영,최보민,박유나"
34,스피릿 핑거스! 3화,2025-08-27,"35,000",0.0%,"14,000",66.7%,"525,000",5,2,66.7%,75,2,2,한국,한국,주식회사 넘버쓰리픽쳐스,주식회사 넘버쓰리픽쳐스,12세이상관람가,"드라마,멜로/로맨스",이철하,"박지후,조준영,최보민,박유나"
36,일과 날,2025-07-16,"24,000",0.0%,"18,000",300.0%,"12,373,400",3,2,200.0%,"1,430",1,1,한국,한국,비우무비,스튜디오 에이드,전체관람가,다큐멘터리,"박민수,안건형",
37,아가씨,2016-06-01,"20,000",0.0%,"-100,000",-83.3%,"35,229,945,891",2,-10,-83.3%,"4,289,919",1,1,한국,한국,"유한회사 아가씨에프에스,모호필름,(주)용필름",(주)씨제이이엔엠,청소년관람불가,"스릴러,드라마",박찬욱,"김민희,김태리,하정우,조진웅,김해숙,문소리,최병모,김인우,이용녀,조은형,장한순,이규정,이승준,이윤재,김시은,안성봉,박기륭,원근희,정인겸"
37,815사수작전,2025-08-14,"12,000",0.0%,0,0.0%,"3,590,500",2,0,0.0%,412,3,3,한국,한국,(주)하이씨씨,시네마 뉴원,12세이상관람가,코미디,손병조,"김인권,노영학"
37,녹턴,2022-08-18,"4,000",0.0%,"-5,000",-55.6%,"81,995,100",2,0,0.0%,"11,630",1,2,한국,한국,포이에티케,(주)시네마달,12세이상관람가,다큐멘터리,정관조,"은성호,은건기,손민서"
37,추적,2025-08-06,"20,000",0.0%,"-1,438,000",-98.6%,"141,419,900",2,-151,-98.7%,"15,520",2,2,한국,한국,뉴스타파 필름,(주)엣나인필름,12세이상관람가,다큐멘터리,최승호,
37,인디스데이 8월 단편,,"14,000",0.0%,"-8,000",-36.4%,"181,000",2,-1,-33.3%,26,1,1,한국,한국,,,,드라마,,
42,꿈꾸는 사진관,2025-07-16,"6,000",0.0%,"-2,000",-25.0%,"6,131,500",1,0,0.0%,"1,131",1,1,한국,한국,신희재 프로덕션,시네마 뉴원,전체관람가,드라마,정초신,신미식
42,극장판 다이노맨: 공룡산의 비밀,2025-07-25,"7,000",0.0%,"-1,000",-12.5%,"62,624,750",1,0,0.0%,"9,157",1,1,한국,한국,"(주)스튜디오버튼 ,(주)플레이그램",(주)플레이그램,전체관람가,애니메이션,김호락,
42,승리의 시작,2025-06-19,"10,000",0.0%,"-4,000",-28.6%,"42,627,800",1,-1,-50.0%,"5,116",1,1,한국,한국,퓨어웨이픽쳐스,퓨어웨이픽쳐스,12세이상관람가,다큐멘터리,권순도,신유환
합계,,,"223,849,880",,,,"185,720,436,834","23,724",,,"20,495,061","1,452","2,917",,,,,,,,
,,,,,,,,,,,,,,,,,,,,,
●2025년 09월 01일(월),,,,,,,,,,,,,,,,,,,,,
순위,영화명,개봉일,매출액 ,매출액,매출액증감,매출액증감율(전일대비) ,누적매출액 ,관객수 ,관객수증감(전일대비) ,관객수증감율(전일대비) ,누적관객수 ,스크린수 ,상영횟수 ,대표국적 ,국적 ,제작사 ,배급사 ,등급 ,장르 ,감독 ,배우 
,,,,점유율 ,(전일대비) ,,,,,,,,,,,,,,,,
1,좀비딸,2025-07-30,"168,179,300",69.1%,"-592,906,690",-77.9%,"50,865,650,910","17,756","-60,840",-77.4%,"5,367,529",666,"2,053",한국,한국,스튜디오엔(주),(주)넥스트엔터테인먼트월드(NEW),12세이상관람가,"코미디,드라마",필감성,"조정석,이정은,조여정,윤경호,최유리,이주미"
2,악마가 이사왔다,2025-08-13,"18,471,100",7.6%,"-29,978,820",-61.9%,"3,981,909,410","1,939","-3,147",-61.9%,"419,196",280,354,한국,한국,(주)외유내강,(주)씨제이이엔엠,12세이상관람가,"미스터리,코미디",이상근,"임윤아,안보현,성동일,주현영"
3,백산 - 의령에서 발해까지,2025-02-05,"6,541,500",2.7%,"3,570,500",120.2%,"131,635,000","1,247",712,133.1%,"20,048",26,31,한국,한국,(주)KNN,(주)드림팩트엔터테인먼트,전체관람가,다큐멘터리,진재운,
4,비밀일 수밖에,2025-09-10,"7,155,000",2.9%,"5,812,500",433.0%,"11,798,500",795,675,562.5%,"1,174",4,5,한국,한국,"(주)에이디사공육,주식회사 슈아픽처스","주식회사 슈아픽처스,(주)에이디사공육",12세이상관람가,"드라마,코미디",김대환,"장영남,류경수,스테파니 리,옥지영,박지일,박지아"
5,독립군: 끝나지 않은 전쟁,2025-08-13,"5,555,800",2.3%,"-8,244,500",-59.7%,"377,965,820",615,-895,-59.3%,"41,809",58,63,한국,한국,"주식회사 블루필름웍스,제니필름",주식회사 블루필름웍스,전체관람가,다큐멘터리,문승욱,조진웅
6,3670,2025-09-03,"4,770,000",2.0%,"3,748,000",366.7%,"11,707,000",530,457,626.0%,"1,266",3,3,한국,한국,오롯필름,(주)엣나인필름,15세이상관람가,"드라마,멜로/로맨스",박준호,"조유현,김현목,조대희,배한솔,임지형,전두식,하승우,윤설,김진이,차미경,유태규"
7,온리 갓 노우즈 에브리띵,2025-08-22,"3,902,100",1.6%,"-2,293,400",-37.0%,"196,926,620",471,-270,-36.4%,"22,427",70,71,한국,한국,(주)백그림,(주)트리플픽쳐스,15세이상관람가,"미스터리,스릴러",백승환,"신승호,한지은,박명훈,전소민,이중옥,이지현,유성주,신서우,정은경,이재환,유지혁,김일현,유병훈,이병수,송동환,백주환,이창주,남중규,유재명,양권석,이윤화,주상현,배성민,황원규,강해빈"
8,엔하이픈 브이알콘서트 : 이머전,2025-08-08,"10,197,000",4.2%,"-20,097,000",-66.3%,"585,423,000",309,-609,-66.3%,"18,031",1,8,한국,한국,(주)어메이즈브이알코리아,(주)어메이즈브이알코리아,전체관람가,드라마,김경국,
9,킹 오브 킹스,2025-07-16,"2,298,700",0.9%,"-68,335,300",-96.7%,"12,230,756,276",257,"-7,610",-96.7%,"1,296,509",55,58,한국,한국,(주)모팩스튜디오,(주)디스테이션,전체관람가,애니메이션,장성호,"이병헌,진선규,이하늬,양동근,차인표,권오중,장광,피어스 브로스넌,오스카 아이삭,케네스 브래너,우마 서먼,마크 해밀,포레스트 휘테커,벤 킹슬리,로만 그리핀 데이비스"
10,지리멸렬,,"603,000",0.2%,"-414,000",-40.7%,"7,373,500",201,-138,-40.7%,"2,459",61,80,한국,한국,한국영화아카데미,㈜인디스토리,12세이상관람가,코미디,봉준호,"유연수,윤일주,김뢰하,신동환"
11,식스데이즈,2025-08-13,"3,454,000",1.4%,"-7,040,000",-67.1%,"993,004,000",157,-320,-67.1%,"45,316",23,27,한국,한국,(주)MBC,"씨지브이 아이스콘,씨제이포디플렉스 주식회사",전체관람가,"드라마,다큐멘터리",,
11,어쩌면 해피엔딩,2025-10-02,"2,355,000",1.0%,"2,355,000",100.0%,"13,363,000",157,157,100.0%,"1,066",1,1,한국,한국,,"(주)키노필름,(주)아센디오,(주)영화특별시에스엠씨",12세이상관람가,"뮤지컬,멜로/로맨스",이원회,"신주협,유준상"
13,추적,2025-08-06,"1,458,000",0.6%,"1,066,000",271.9%,"141,399,900",153,104,212.2%,"15,518",4,4,한국,한국,뉴스타파 필름,(주)엣나인필름,12세이상관람가,다큐멘터리,최승호,
14,대가족,2024-12-11,"750,000",0.3%,"540,000",257.1%,"3,098,178,600",125,90,257.1%,"354,415",1,1,한국,한국,게니우스 유한회사,롯데컬처웍스(주)롯데엔터테인먼트,12세이상관람가,"드라마,코미디",양우석,"김윤석,이승기,김성령,강한나,박수영,김시우,윤채나,심희섭,길해연,이순재,강명환,이보람,이중현"
15,THE 자연인,2025-08-20,"957,600",0.4%,"432,600",82.4%,"15,364,800",115,49,74.2%,"1,741",26,26,한국,한국,스톤워크,스톤워크,12세이상관람가,"코미디,미스터리",노영석,"변재신,정용훈,신운섭,이란희"
16,첫여름,,"342,000",0.1%,"-252,000",-42.4%,"49,227,000",114,-84,-42.4%,"15,589",25,28,한국,한국,한국영화아카데미,한국영화아카데미,15세이상관람가,드라마,허가영,"허진,정인기"
17,7번방의 선물,2013-01-23,"600,000",0.2%,"600,000",100.0%,"91,438,520,170",100,100,100.0%,"12,812,336",1,1,한국,한국,"(주)화인웍스,(주)씨엘엔터테인먼트",(주)넥스트엔터테인먼트월드(NEW),15세이상관람가,"코미디,드라마",이환경,"장이준,류승룡,박신혜,갈소원,정진영,오달수,박원상,김정태,정만식,김기천,장호준,김동민,박수진,박유경,박정배,조덕현,박상면,조재윤,박길수,이승연,김봉수,정희태,이윤희,오창경,한이진"
18,다른 것으로 알려질 뿐이지,2025-08-27,"844,000",0.3%,"-2,139,400",-71.7%,"19,752,950",96,-191,-66.6%,"1,949",21,23,한국,한국,(주)보더리스필름,영화로운 형제,15세이상관람가,"드라마,멜로/로맨스",조희영,"공민정,정보람,정회린,감동환,류세일,유의태"
19,여름이 지나가면,2025-07-09,"647,000",0.3%,"-737,000",-53.3%,"90,268,300",90,-17,-15.9%,"9,913",3,3,한국,한국,㈜스튜디오 하이파이브,(주)엣나인필름,15세이상관람가,드라마,장병기,"이재준,최현진,최우록,고서희,강길우"
20,소주전쟁,2025-05-30,"840,000",0.3%,"-1,660,000",-66.4%,"2,634,601,950",70,-180,-72.0%,"283,160",1,1,한국,한국,더램프(주),(주)쇼박스,15세이상관람가,드라마,,"유해진,이제훈,손현주,최영준,김기해,한상조,윤지혜,이서환,박지일,김다흰,정형석,최교식,이창호,김문식,심우성,심우성,이선구,최희진,허진우"
21,베베핀 극장판: 사라진 베베핀과 핑크퐁 대모험,2025-07-24,"518,000",0.2%,"-7,603,500",-93.6%,"2,059,054,830",61,-795,-92.9%,"223,784",11,12,한국,한국,더핑크퐁컴퍼니(주),(주)넥스트엔터테인먼트월드(NEW),전체관람가,애니메이션,변희선,"조경이,엠머슨브룩김,이현경,김해나,강은애"
22,대비상망,1975-06-06,"116,000",0.0%,"116,000",100.0%,"116,000",58,58,100.0%,58,1,4,한국,한국,남아진흥,(주)프리즘웍스,15세이상관람가,액션,전우열,"한용철,오경아"
23,강령: 귀신놀이,2025-08-06,"505,000",0.2%,"-701,000",-58.1%,"705,228,800",49,-51,-51.0%,"72,211",11,14,한국,한국,(주)이오콘텐츠그룹,(주)스튜디오디에이치엘,15세이상관람가,"공포(호러),미스터리,스릴러",손동완,"김예림,이찬형,서동현,오소현,김은비,박서연,이다은,윤별하,유승아,정상훈,이진주,윤혜진,조수경,윤대성,노상현,김용선,구민혁,이경현,손평형,김지예,조예명,박승렬,김민호,손호은,김도훈,김진주,임세령,정유진,백가은,유영현"
24,헤어질 결심,2022-06-29,"420,000",0.2%,"113,000",36.8%,"19,785,950,678",42,11,35.5%,"1,908,922",1,2,한국,한국,모호필름,(주)씨제이이엔엠,15세이상관람가,"미스터리,멜로/로맨스",박찬욱,"박해일,탕웨이,이정현,고경표,김신영,정영숙,유승목,서현우,정이서,이학주,정소리,신안진,김도연,고민시,차서원,주인영,윤성원,최선자,진용욱,안진상,박정민,박용우,정하담,최대훈,김미화,곽은진,안성봉,김성곤,문순주,현직,한서울,김도담,문정대,유인혜,권혁성,차상도,강경수,유태오,이지하,전성애,이경민,이용녀,김귀례,김도담,유다솜,김민준,김국진,김상현"
25,검은 령,2025-08-27,"371,500",0.2%,"-558,500",-60.1%,"9,947,000",38,-57,-60.0%,"1,128",15,16,한국,한국,(주)날개엔터테인먼트,"(주)제이앤씨미디어그룹,와이드 릴리즈(주)",15세이상관람가,공포(호러),김현준,"아누팜 트리파티,임도화,송승현,김병춘,서동원,김혜나,곽수진,윤준원"
26,시집가는 날,1957-02-11,"120,000",0.0%,"120,000",100.0%,"3,544,000",35,35,100.0%,"2,205",1,1,한국,한국,,,,"가족,드라마",이병일,조미령
27,무명객,,"52,000",0.0%,"-16,000",-23.5%,"1,349,000",26,-8,-23.5%,667,1,4,한국,한국,남아진흥,(주)프리즘웍스,15세이상관람가,액션,김시현,"모사성,김지혜,이예민,김기주,유현"
28,고고다이노 극장판: 게코도마뱀의 꿈,2025-07-30,"218,000",0.1%,"-6,022,300",-96.5%,"578,815,000",25,-638,-96.2%,"63,016",11,11,한국,한국,(주)모꼬지,(주)모꼬지,전체관람가,애니메이션,이원재,"임승미,원옥화,진양욱,조영철,우정민"
28,핑크퐁 공룡 유치원,2025-03-08,"162,500",0.1%,"162,500",100.0%,"1,362,500",25,25,100.0%,194,1,1,한국,한국,더핑크퐁컴퍼니(주),더핑크퐁컴퍼니(주),전체관람가,애니메이션,,
30,봄밤,2025-07-09,"192,000",0.1%,"152,000",380.0%,"77,351,400",24,13,118.2%,"9,001",4,5,한국,한국,월원영화사,(주)시네마달,15세이상관람가,드라마,강미자,"한예리,김설진,김선재,정명원,김승환,오다민"
31,수연의 선율,2025-08-06,"117,000",0.0%,"-308,000",-72.5%,"49,328,100",15,-42,-73.7%,"5,869",5,5,한국,한국,탄탄픽쳐스,(주)싸이더스,12세이상관람가,"가족,미스터리,스릴러",최종룡,"김보민,최이랑,김현정,진대연,최승원"
32,아가씨,2016-06-01,"120,000",0.0%,"-50,000",-29.4%,"35,229,925,891",12,-5,-29.4%,"4,289,917",1,1,한국,한국,"유한회사 아가씨에프에스,모호필름,(주)용필름",(주)씨제이이엔엠,청소년관람불가,"스릴러,드라마",박찬욱,"김민희,김태리,하정우,조진웅,김해숙,문소리,최병모,김인우,이용녀,조은형,장한순,이규정,이승준,이윤재,김시은,안성봉,박기륭,원근희,정인겸"
33,야당: 익스텐디드 컷,2025-08-06,"101,000",0.0%,"-79,000",-43.9%,"244,517,020",11,-8,-42.1%,"27,261",3,3,한국,한국,(주)하이브미디어코프,메가박스중앙(주) 플러스엠 엔터테인먼트,청소년관람불가,"범죄,액션",황병국,"강하늘,유해진,박해준,류경수,채원빈"
33,식사이론,2025-08-20,"44,000",0.0%,"-136,000",-75.6%,"12,826,000",11,-34,-75.6%,"3,205",7,7,한국,한국,"주식회사 알바트로스픽처스,데저트블룸픽처스 주식회사",롯데컬처웍스(주)롯데시네마,12세이상관람가,"코미디,판타지,드라마",,홍진기
35,전지적 독자 시점,2025-07-23,"71,500",0.0%,"-308,000",-81.2%,"10,049,231,760",6,-34,-85.0%,"1,060,780",1,1,한국,한국,리얼라이즈픽쳐스(주),롯데컬처웍스(주)롯데엔터테인먼트,15세이상관람가,"판타지,액션",김병우,"안효섭,이민호,채수빈,신승호,나나,지수,권은성,박호산,최영준,이석,정성일,조성희,은수,이유진,문우진,정찬훈,노정현"
36,우리 둘 사이에,2025-07-30,"50,000",0.0%,0,0.0%,"24,335,100",5,-1,-16.7%,"2,852",1,1,한국,한국,(주)영화사진,㈜인디스토리,12세이상관람가,드라마,성지혜,"김시은,설정환,오지후,강말금"
37,꼬마마법사 주니토니,2025-07-26,"46,000",0.0%,"-589,100",-92.8%,"509,844,400",4,-62,-93.9%,"58,498",1,1,한국,한국,,"씨제이 씨지브이(CJ CGV)(주),와이드 릴리즈(주)",전체관람가,애니메이션,서동해,"김연우,김은아,정재헌,엄상현,한만중,장미,이소영,홍소영,이민규,김단"
37,노이즈,2025-06-25,"37,000",0.0%,"-34,000",-47.9%,"16,758,804,110",4,-4,-50.0%,"1,707,626",3,3,한국,한국,(주)화인컷,(주)바이포엠스튜디오,15세이상관람가,"공포(호러),스릴러",김수진,"이선빈,김민석,한수아,류경수,전익령,백주희,안석현,이은미"
39,스피릿 핑거스! 3화,2025-08-27,"21,000",0.0%,0,0.0%,"490,000",3,0,0.0%,70,1,1,한국,한국,주식회사 넘버쓰리픽쳐스,주식회사 넘버쓰리픽쳐스,12세이상관람가,"드라마,멜로/로맨스",이철하,"박지후,조준영,최보민,박유나"
39,인디스데이 8월 단편,,"22,000",0.0%,"-3,000",-12.0%,"167,000",3,-2,-40.0%,24,1,1,한국,한국,,,,드라마,,
39,오키나와 블루노트,2025-07-23,"21,000",0.0%,"-51,000",-70.8%,"6,899,920",3,-8,-72.7%,753,1,1,한국,한국,(주)와우,(주)와우,15세이상관람가,드라마,조성규,"김동완,황승언"
39,스피릿 핑거스! 4화,2025-08-27,"21,000",0.0%,"7,000",50.0%,"448,000",3,1,50.0%,64,1,1,한국,한국,주식회사 넘버쓰리픽쳐스,주식회사 넘버쓰리픽쳐스,12세이상관람가,"드라마,멜로/로맨스",이철하,"박지후,조준영,최보민,박유나"
43,녹턴,2022-08-18,"9,000",0.0%,"5,000",125.0%,"81,991,100",2,0,0.0%,"11,628",1,2,한국,한국,포이에티케,(주)시네마달,12세이상관람가,다큐멘터리,정관조,"은성호,은건기,손민서"
43,아이 캔 스피크,2017-09-21,"15,000",0.0%,"7,000",87.5%,"25,589,059,886",2,1,100.0%,"3,288,624",2,2,한국,한국,주식회사 영화사 시선,"(주)마노엔터테인먼트,롯데쇼핑㈜롯데엔터테인먼트,(주)리틀빅픽쳐스",12세이상관람가,코미디,김현석,"나문희,이제훈,박철민,염혜란,성유빈,김소진,이상희,정연주,이지훈,손숙,이재인,최수인,이대연,박준서,이정현,홍상원,황연희,우지현,이신성,우상기,이정현,손성찬,정원창,김자영,김경덕,손경원,설창희,정태야,추연규,이승민,이범규,김선경"
43,승리의 시작,2025-06-19,"14,000",0.0%,"-462,000",-97.1%,"42,617,800",2,-66,-97.1%,"5,115",1,1,한국,한국,퓨어웨이픽쳐스,퓨어웨이픽쳐스,12세이상관람가,다큐멘터리,권순도,신유환
43,한여름의 판타지아,2015-06-11,"14,000",0.0%,"14,000",100.0%,"301,024,258",2,2,100.0%,"38,522",1,1,한국,"한국,일본",(주)모쿠슈라,㈜인디스토리,전체관람가,드라마,장건재,"김새벽,이와세 료,임형국"
47,처제의 떡정,2025-09-01,"1,000",0.0%,"1,000",100.0%,"1,000",1,1,100.0%,1,1,1,한국,한국,(주)까멜리아이엔티,(주)까멜리아이엔티,청소년관람불가,멜로/로맨스,김태수,
47,일과 날,2025-07-16,"6,000",0.0%,"-10,000",-62.5%,"12,349,400",1,-1,-50.0%,"1,427",1,1,한국,한국,비우무비,스튜디오 에이드,전체관람가,다큐멘터리,"박민수,안건형",
47,새엄마의 맛,2025-09-01,"1,000",0.0%,"1,000",100.0%,"1,000",1,1,100.0%,1,1,1,한국,한국,유한회사 스튜디오루나,유한회사 스튜디오루나,청소년관람불가,"성인물(에로),멜로/로맨스",김태수,
47,극장판 다이노맨: 공룡산의 비밀,2025-07-25,"8,000",0.0%,"-155,000",-95.1%,"62,617,750",1,-31,-96.9%,"9,156",1,1,한국,한국,"(주)스튜디오버튼 ,(주)플레이그램",(주)플레이그램,전체관람가,애니메이션,김호락,
47,"맛있는 엄마들 : 새엄마, 친구엄마, 엄마친구",,"6,000",0.0%,"6,000",100.0%,"6,000",1,1,100.0%,1,1,1,한국,한국,(주)영화사가을,(주)영화사가을,청소년관람불가,멜로/로맨스,,
합계,,,"243,341,600",,,,"279,094,031,409","25,773",,,"33,524,031","1,423","2,948",,,,,,,,
,,,,,,,,,,,,,,,,,,,,,
●2025년 08월 31일(일),,,,,,,,,,,,,,,,,,,,,
순위,영화명,개봉일,매출액 ,매출액,매출액증감,매출액증감율(전일대비) ,누적매출액 ,관객수 ,관객수증감(전일대비) ,관객수증감율(전일대비) ,누적관객수 ,스크린수 ,상영횟수 ,대표국적 ,국적 ,제작사 ,배급사 ,등급 ,장르 ,감독 ,배우 
,,,,점유율 ,(전일대비) ,,,,,,,,,,,,,,,,
1,좀비딸,2025-07-30,"761,085,990",78.1%,"-89,417,100",-10.5%,"50,697,471,610","78,596","-8,559",-9.8%,"5,349,773",824,"2,343",한국,한국,스튜디오엔(주),(주)넥스트엔터테인먼트월드(NEW),12세이상관람가,"코미디,드라마",필감성,"조정석,이정은,조여정,윤경호,최유리,이주미"
2,킹 오브 킹스,2025-07-16,"70,634,000",7.3%,"24,418,300",52.8%,"12,228,457,576","7,867","2,887",58.0%,"1,296,252",188,199,한국,한국,(주)모팩스튜디오,(주)디스테이션,전체관람가,애니메이션,장성호,"이병헌,진선규,이하늬,양동근,차인표,권오중,장광,피어스 브로스넌,오스카 아이삭,케네스 브래너,우마 서먼,마크 해밀,포레스트 휘테커,벤 킹슬리,로만 그리핀 데이비스"
3,악마가 이사왔다,2025-08-13,"48,449,920",5.0%,"-10,281,680",-17.5%,"3,963,438,310","5,086","-1,032",-16.9%,"417,257",315,386,한국,한국,(주)외유내강,(주)씨제이이엔엠,12세이상관람가,"미스터리,코미디",이상근,"임윤아,안보현,성동일,주현영"
4,독립군: 끝나지 않은 전쟁,2025-08-13,"13,800,300",1.4%,"5,073,700",58.1%,"372,410,020","1,510",562,59.3%,"41,194",65,70,한국,한국,"주식회사 블루필름웍스,제니필름",주식회사 블루필름웍스,전체관람가,다큐멘터리,문승욱,조진웅
5,엔하이픈 브이알콘서트 : 이머전,2025-08-08,"30,294,000",3.1%,"-3,366,000",-10.0%,"575,226,000",918,-102,-10.0%,"17,722",1,9,한국,한국,(주)어메이즈브이알코리아,(주)어메이즈브이알코리아,전체관람가,드라마,김경국,
6,베베핀 극장판: 사라진 베베핀과 핑크퐁 대모험,2025-07-24,"8,121,500",0.8%,"2,105,600",35.0%,"2,058,536,830",856,214,33.3%,"223,723",56,60,한국,한국,더핑크퐁컴퍼니(주),(주)넥스트엔터테인먼트월드(NEW),전체관람가,애니메이션,변희선,"조경이,엠머슨브룩김,이현경,김해나,강은애"
7,온리 갓 노우즈 에브리띵,2025-08-22,"6,195,500",0.6%,"-357,500",-5.5%,"193,024,520",741,-7,-0.9%,"21,956",66,71,한국,한국,(주)백그림,(주)트리플픽쳐스,15세이상관람가,"미스터리,스릴러",백승환,"신승호,한지은,박명훈,전소민,이중옥,이지현,유성주,신서우,정은경,이재환,유지혁,김일현,유병훈,이병수,송동환,백주환,이창주,남중규,유재명,양권석,이윤화,주상현,배성민,황원규,강해빈"
8,고고다이노 극장판: 게코도마뱀의 꿈,2025-07-30,"6,240,300",0.6%,"1,050,300",20.2%,"578,597,000",663,95,16.7%,"62,991",41,41,한국,한국,(주)모꼬지,(주)모꼬지,전체관람가,애니메이션,이원재,"임승미,원옥화,진양욱,조영철,우정민"
9,백산 - 의령에서 발해까지,2025-02-05,"2,971,000",0.3%,"693,500",30.5%,"125,093,500",535,125,30.5%,"18,801",18,18,한국,한국,(주)KNN,(주)드림팩트엔터테인먼트,전체관람가,다큐멘터리,진재운,
10,식스데이즈,2025-08-13,"10,494,000",1.1%,"-2,222,000",-17.5%,"989,550,000",477,-101,-17.5%,"45,159",25,27,한국,한국,(주)MBC,"씨지브이 아이스콘,씨제이포디플렉스 주식회사",전체관람가,"드라마,다큐멘터리",,
11,지리멸렬,,"1,017,000",0.1%,"-165,000",-14.0%,"6,770,500",339,-55,-14.0%,"2,258",71,86,한국,한국,한국영화아카데미,㈜인디스토리,12세이상관람가,코미디,봉준호,"유연수,윤일주,김뢰하,신동환"
12,다른 것으로 알려질 뿐이지,2025-08-27,"2,983,400",0.3%,"1,399,900",88.4%,"18,908,950",287,141,96.6%,"1,853",28,28,한국,한국,(주)보더리스필름,영화로운 형제,15세이상관람가,"드라마,멜로/로맨스",조희영,"공민정,정보람,정회린,감동환,류세일,유의태"
13,첫여름,,"594,000",0.1%,"132,000",28.6%,"48,885,000",198,44,28.6%,"15,475",27,29,한국,한국,한국영화아카데미,한국영화아카데미,15세이상관람가,드라마,허가영,"허진,정인기"
14,비밀일 수밖에,2025-09-10,"1,342,500",0.1%,"-1,958,500",-59.3%,"4,643,500",120,-139,-53.7%,379,1,1,한국,한국,"(주)에이디사공육,주식회사 슈아픽처스","주식회사 슈아픽처스,(주)에이디사공육",12세이상관람가,"드라마,코미디",김대환,"장영남,류경수,스테파니 리,옥지영,박지일,박지아"
15,여름이 지나가면,2025-07-09,"1,384,000",0.1%,"1,074,000",346.5%,"89,621,300",107,70,189.2%,"9,823",4,4,한국,한국,㈜스튜디오 하이파이브,(주)엣나인필름,15세이상관람가,드라마,장병기,"이재준,최현진,최우록,고서희,강길우"
16,강령: 귀신놀이,2025-08-06,"1,206,000",0.1%,"-472,500",-28.2%,"704,723,800",100,-41,-29.1%,"72,162",17,17,한국,한국,(주)이오콘텐츠그룹,(주)스튜디오디에이치엘,15세이상관람가,"공포(호러),미스터리,스릴러",손동완,"김예림,이찬형,서동현,오소현,김은비,박서연,이다은,윤별하,유승아,정상훈,이진주,윤혜진,조수경,윤대성,노상현,김용선,구민혁,이경현,손평형,김지예,조예명,박승렬,김민호,손호은,김도훈,김진주,임세령,정유진,백가은,유영현"
17,검은 령,2025-08-27,"930,000",0.1%,"-204,000",-18.0%,"9,575,500",95,-13,-12.0%,"1,090",21,24,한국,한국,(주)날개엔터테인먼트,"(주)제이앤씨미디어그룹,와이드 릴리즈(주)",15세이상관람가,공포(호러),김현준,"아누팜 트리파티,임도화,송승현,김병춘,서동원,김혜나,곽수진,윤준원"
18,제26회 대구단편영화제 경쟁6,,"450,000",0.0%,"450,000",100.0%,"450,000",90,90,100.0%,90,1,1,한국,한국,,,,"드라마,다큐멘터리",,
19,무명 無名,2025-06-25,"711,000",0.1%,"-851,000",-54.5%,"646,033,500",89,-53,-37.3%,"68,272",2,2,한국,한국,재단법인 온누리선교재단(CGNTV),커넥트픽쳐스(주),12세이상관람가,다큐멘터리,유진주,"하정우,김중희"
20,3670,2025-09-03,"1,022,000",0.1%,"1,022,000",100.0%,"6,937,000",73,73,100.0%,736,1,1,한국,한국,오롯필름,(주)엣나인필름,15세이상관람가,"드라마,멜로/로맨스",박준호,"조유현,김현목,조대희,배한솔,임지형,전두식,하승우,윤설,김진이,차미경,유태규"
21,베를린 리포트,1991-06-08,"164,000",0.0%,"76,000",86.4%,"1,306,000",67,23,52.3%,638,1,3,한국,한국,(주)모가드코리아,(주)프리즘웍스,"연소자관람불가,15세이상관람가","드라마,전쟁",박광수,"강수연,안성기,문성근"
22,THE 자연인,2025-08-20,"525,000",0.1%,"-1,409,000",-72.9%,"14,407,200",66,-156,-70.3%,"1,626",8,8,한국,한국,스톤워크,스톤워크,12세이상관람가,"코미디,미스터리",노영석,"변재신,정용훈,신운섭,이란희"
22,꼬마마법사 주니토니,2025-07-26,"635,100",0.1%,"-671,400",-51.4%,"509,798,400",66,-77,-53.8%,"58,494",7,8,한국,한국,,"씨제이 씨지브이(CJ CGV)(주),와이드 릴리즈(주)",전체관람가,애니메이션,서동해,"김연우,김은아,정재헌,엄상현,한만중,장미,이소영,홍소영,이민규,김단"
24,추적,2025-08-06,"392,000",0.0%,"-544,000",-58.1%,"139,941,900",49,-52,-51.5%,"15,365",2,2,한국,한국,뉴스타파 필름,(주)엣나인필름,12세이상관람가,다큐멘터리,최승호,
25,홈커밍,,"181,000",0.0%,"181,000",100.0%,"181,000",46,46,100.0%,46,1,1,한국,한국,,,,드라마,,
26,식사이론,2025-08-20,"180,000",0.0%,"16,000",9.8%,"12,782,000",45,4,9.8%,"3,194",13,14,한국,한국,"주식회사 알바트로스픽처스,데저트블룸픽처스 주식회사",롯데컬처웍스(주)롯데시네마,12세이상관람가,"코미디,판타지,드라마",,홍진기
27,전지적 독자 시점,2025-07-23,"379,500",0.0%,"6,000",1.6%,"10,049,160,260",40,1,2.6%,"1,060,774",1,1,한국,한국,리얼라이즈픽쳐스(주),롯데컬처웍스(주)롯데엔터테인먼트,15세이상관람가,"판타지,액션",김병우,"안효섭,이민호,채수빈,신승호,나나,지수,권은성,박호산,최영준,이석,정성일,조성희,은수,이유진,문우진,정찬훈,노정현"
28,무명객,,"68,000",0.0%,"68,000",100.0%,"1,297,000",34,34,100.0%,641,1,4,한국,한국,남아진흥,(주)프리즘웍스,15세이상관람가,액션,김시현,"모사성,김지혜,이예민,김기주,유현"
29,헤어질 결심,2022-06-29,"307,000",0.0%,"-83,000",-21.3%,"19,785,530,678",31,-8,-20.5%,"1,908,880",1,1,한국,한국,모호필름,(주)씨제이이엔엠,15세이상관람가,"미스터리,멜로/로맨스",박찬욱,"박해일,탕웨이,이정현,고경표,김신영,정영숙,유승목,서현우,정이서,이학주,정소리,신안진,김도연,고민시,차서원,주인영,윤성원,최선자,진용욱,안진상,박정민,박용우,정하담,최대훈,김미화,곽은진,안성봉,김성곤,문순주,현직,한서울,김도담,문정대,유인혜,권혁성,차상도,강경수,유태오,이지하,전성애,이경민,이용녀,김귀례,김도담,유다솜,김민준,김국진,김상현"
30,어머니의 가계부,,"150,000",0.0%,"150,000",100.0%,"735,000",30,30,100.0%,147,1,1,한국,한국,,,,다큐멘터리,성승택,"윤종생,성순경,성승택"
30,사랑방 손님과 어머니,,"90,000",0.0%,"90,000",100.0%,"10,768,500",30,30,100.0%,"5,128",1,1,한국,한국,,,,"드라마,멜로/로맨스",신상옥,"최은희,전영선,김진규,도금봉"
32,베베,,"107,000",0.0%,"107,000",100.0%,"107,000",29,29,100.0%,29,1,1,한국,한국,,,,드라마,,
33,기억 샤워 바다,,"105,000",0.0%,"105,000",100.0%,"105,000",21,21,100.0%,21,1,1,한국,한국,,,,다큐멘터리,임흥순,
34,야당: 익스텐디드 컷,2025-08-06,"180,000",0.0%,"114,000",172.7%,"244,416,020",19,11,137.5%,"27,250",5,5,한국,한국,(주)하이브미디어코프,메가박스중앙(주) 플러스엠 엔터테인먼트,청소년관람불가,"범죄,액션",황병국,"강하늘,유해진,박해준,류경수,채원빈"
35,아가씨,2016-06-01,"170,000",0.0%,"-20,000",-10.5%,"35,229,805,891",17,-2,-10.5%,"4,289,905",1,1,한국,한국,"유한회사 아가씨에프에스,모호필름,(주)용필름",(주)씨제이이엔엠,청소년관람불가,"스릴러,드라마",박찬욱,"김민희,김태리,하정우,조진웅,김해숙,문소리,최병모,김인우,이용녀,조은형,장한순,이규정,이승준,이윤재,김시은,안성봉,박기륭,원근희,정인겸"
36,봄밤,2025-07-09,"40,000",0.0%,"19,000",90.5%,"77,159,400",11,8,266.7%,"8,977",2,2,한국,한국,월원영화사,(주)시네마달,15세이상관람가,드라마,강미자,"한예리,김설진,김선재,정명원,김승환,오다민"
36,오키나와 블루노트,2025-07-23,"72,000",0.0%,"40,000",125.0%,"6,878,920",11,6,120.0%,750,1,1,한국,한국,(주)와우,(주)와우,15세이상관람가,드라마,조성규,"김동완,황승언"
36,인생 세탁소,,"101,000",0.0%,"101,000",100.0%,"1,486,000",11,11,100.0%,195,1,1,한국,한국,,,,"가족,판타지,드라마",문숙희,"문희경,강진아,이아담,김유석,현대영"
39,된장이,2025-07-02,"31,000",0.0%,"31,000",100.0%,"27,111,700",10,10,100.0%,"3,284",1,1,한국,한국,한국영화아카데미,(주)영화특별시에스엠씨,12세이상관람가,"코미디,드라마",조한별,"강지영,이주원,유순웅,신민재,임윤비,나호숙,이문식,박상면,이천희,김준원,류재한,김나린,이석우"
40,제20회 제주영화제 트멍 초청,,"80,000",0.0%,"80,000",100.0%,"80,000",8,8,100.0%,8,1,1,한국,한국,,,,"드라마,애니메이션",,
40,노이즈,2025-06-25,"71,000",0.0%,"-9,000",-11.3%,"16,758,767,110",8,-2,-20.0%,"1,707,622",2,2,한국,한국,(주)화인컷,(주)바이포엠스튜디오,15세이상관람가,"공포(호러),스릴러",김수진,"이선빈,김민석,한수아,류경수,전익령,백주희,안석현,이은미"
42,우리 둘 사이에,2025-07-30,"50,000",0.0%,"19,000",61.3%,"24,285,100",6,2,50.0%,"2,847",2,2,한국,한국,(주)영화사진,㈜인디스토리,12세이상관람가,드라마,성지혜,"김시은,설정환,오지후,강말금"
43,하이파이브,2025-05-30,"45,600",0.0%,"23,600",107.3%,"17,543,216,520",4,1,33.3%,"1,893,286",1,1,한국,한국,(주)안나푸르나필름,(주)넥스트엔터테인먼트월드(NEW),15세이상관람가,"코미디,액션",강형철,"이재인,안재홍,유아인,라미란,김희원,김수혁,오정세,신구,박진영,진희경,장광,박형수,유승목,안승균,오하늬,김원해,이동휘,현봉식,정다원,윤지수,문도선,박병렬,이태영,강효준,김종태,임채선,이환진,노익현,류경환,장준현,박우준,이규영,최은경,임한나,배한용,이승철,김희상,임서영,최동구,김태순,송병훈,윤정로,최원,김기남,한주미,황지아,나진수,김우택,유진호,김영조,김봉희,박경현,박복만,박노아,김민규"
44,스피릿 핑거스! 3화,2025-08-27,"21,000",0.0%,"-133,000",-86.4%,"469,000",3,-19,-86.4%,67,1,1,한국,한국,주식회사 넘버쓰리픽쳐스,주식회사 넘버쓰리픽쳐스,12세이상관람가,"드라마,멜로/로맨스",이철하,"박지후,조준영,최보민,박유나"
44,씨그널: 바다의 마지막 신호,2025-07-16,"15,000",0.0%,"-41,500",-73.5%,"21,853,360",3,-14,-82.4%,"2,426",1,1,한국,한국,"(주)보더레스랩,주식회사 망그로브","(주)보더레스랩,(주)스튜디오디에이치엘",전체관람가,다큐멘터리,"박정례,이지윤",
44,백! 스테이지,,"15,000",0.0%,"5,000",50.0%,"29,900,000",3,1,50.0%,"5,862",1,1,한국,한국,"(주)씨제이이엔엠,주식회사 스튜디오제로백",씨제이 씨지브이(CJ CGV)(주),12세이상관람가,드라마,방성준,"윤호,배재영,최문기,이상희"
47,스피릿 핑거스! 4화,2025-08-27,"14,000",0.0%,"-77,000",-84.6%,"427,000",2,-11,-84.6%,61,1,1,한국,한국,주식회사 넘버쓰리픽쳐스,주식회사 넘버쓰리픽쳐스,12세이상관람가,"드라마,멜로/로맨스",이철하,"박지후,조준영,최보민,박유나"
47,녹턴,2022-08-18,"4,000",0.0%,"-2,000",-33.3%,"81,982,100",2,-1,-33.3%,"11,626",1,2,한국,한국,포이에티케,(주)시네마달,12세이상관람가,다큐멘터리,정관조,"은성호,은건기,손민서"
합계,,,"974,119,610",,,,"173,892,312,475","99,419",,,"18,676,115","1,833","3,486",,,,,,,,
,,,,,,,,,,,,,,,,,,,,,
●2025년 08월 30일(토),,,,,,,,,,,,,,,,,,,,,
순위,영화명,개봉일,매출액 ,매출액,매출액증감,매출액증감율(전일대비) ,누적매출액 ,관객수 ,관객수증감(전일대비) ,관객수증감율(전일대비) ,누적관객수 ,스크린수 ,상영횟수 ,대표국적 ,국적 ,제작사 ,배급사 ,등급 ,장르 ,감독 ,배우 
,,,,점유율 ,(전일대비) ,,,,,,,,,,,,,,,,
1,좀비딸,2025-07-30,"850,503,090",80.4%,"508,022,120",148.3%,"49,936,385,620","87,155","51,366",143.5%,"5,271,177",823,"2,462",한국,한국,스튜디오엔(주),(주)넥스트엔터테인먼트월드(NEW),12세이상관람가,"코미디,드라마",필감성,"조정석,이정은,조여정,윤경호,최유리,이주미"
2,악마가 이사왔다,2025-08-13,"58,731,600",5.6%,"17,130,960",41.2%,"3,914,988,390","6,118","1,554",34.0%,"412,171",321,408,한국,한국,(주)외유내강,(주)씨제이이엔엠,12세이상관람가,"미스터리,코미디",이상근,"임윤아,안보현,성동일,주현영"
3,킹 오브 킹스,2025-07-16,"46,215,700",4.4%,"37,921,100",457.2%,"12,157,823,576","4,980","4,065",444.3%,"1,288,385",168,179,한국,한국,(주)모팩스튜디오,(주)디스테이션,전체관람가,애니메이션,장성호,"이병헌,진선규,이하늬,양동근,차인표,권오중,장광,피어스 브로스넌,오스카 아이삭,케네스 브래너,우마 서먼,마크 해밀,포레스트 휘테커,벤 킹슬리,로만 그리핀 데이비스"
4,엔하이픈 브이알콘서트 : 이머전,2025-08-08,"33,660,000",3.2%,"7,689,000",29.6%,"544,932,000","1,020",233,29.6%,"16,804",1,9,한국,한국,(주)어메이즈브이알코리아,(주)어메이즈브이알코리아,전체관람가,드라마,김경국,
5,독립군: 끝나지 않은 전쟁,2025-08-13,"8,726,600",0.8%,"-2,420,500",-21.7%,"358,609,720",948,-282,-22.9%,"39,684",58,62,한국,한국,"주식회사 블루필름웍스,제니필름",주식회사 블루필름웍스,전체관람가,다큐멘터리,문승욱,조진웅
6,온리 갓 노우즈 에브리띵,2025-08-22,"6,553,000",0.6%,"-6,772,200",-50.8%,"186,829,020",748,-858,-53.4%,"21,215",72,76,한국,한국,(주)백그림,(주)트리플픽쳐스,15세이상관람가,"미스터리,스릴러",백승환,"신승호,한지은,박명훈,전소민,이중옥,이지현,유성주,신서우,정은경,이재환,유지혁,김일현,유병훈,이병수,송동환,백주환,이창주,남중규,유재명,양권석,이윤화,주상현,배성민,황원규,강해빈"
7,베베핀 극장판: 사라진 베베핀과 핑크퐁 대모험,2025-07-24,"6,015,900",0.6%,"1,585,400",35.8%,"2,050,415,330",642,-75,-10.5%,"222,867",53,56,한국,한국,더핑크퐁컴퍼니(주),(주)넥스트엔터테인먼트월드(NEW),전체관람가,애니메이션,변희선,"조경이,엠머슨브룩김,이현경,김해나,강은애"
8,식스데이즈,2025-08-13,"12,716,000",1.2%,"-2,310,000",-15.4%,"979,056,000",578,-105,-15.4%,"44,682",33,36,한국,한국,(주)MBC,"씨지브이 아이스콘,씨제이포디플렉스 주식회사",전체관람가,"드라마,다큐멘터리",,
9,고고다이노 극장판: 게코도마뱀의 꿈,2025-07-30,"5,190,000",0.5%,"4,038,000",350.5%,"572,356,700",568,421,286.4%,"62,328",43,43,한국,한국,(주)모꼬지,(주)모꼬지,전체관람가,애니메이션,이원재,"임승미,원옥화,진양욱,조영철,우정민"
10,백산 - 의령에서 발해까지,2025-02-05,"2,277,500",0.2%,"-7,450,500",-76.6%,"122,122,500",410,-899,-68.7%,"18,266",20,22,한국,한국,(주)KNN,(주)드림팩트엔터테인먼트,전체관람가,다큐멘터리,진재운,
11,지리멸렬,,"1,182,000",0.1%,"210,000",21.6%,"5,753,500",394,70,21.6%,"1,919",76,92,한국,한국,한국영화아카데미,㈜인디스토리,12세이상관람가,코미디,봉준호,"유연수,윤일주,김뢰하,신동환"
12,비밀일 수밖에,2025-09-10,"3,301,000",0.3%,"3,301,000",100.0%,"3,301,000",259,259,100.0%,259,2,2,한국,한국,"(주)에이디사공육,주식회사 슈아픽처스","주식회사 슈아픽처스,(주)에이디사공육",12세이상관람가,"드라마,코미디",김대환,"장영남,류경수,스테파니 리,옥지영,박지일,박지아"
13,THE 자연인,2025-08-20,"1,934,000",0.2%,"1,621,500",518.9%,"13,882,200",222,192,640.0%,"1,560",9,10,한국,한국,스톤워크,스톤워크,12세이상관람가,"코미디,미스터리",노영석,"변재신,정용훈,신운섭,이란희"
14,귀시,2025-09-17,"1,940,000",0.2%,"1,940,000",100.0%,"1,940,000",194,194,100.0%,194,1,1,한국,한국,"(주)제리굿컴퍼니,쟈니브로스(주)",(주)바이포엠스튜디오,15세이상관람가,공포(호러),홍원기,"유재명,문채원,서영희,원현준,솔라,차선우,배수민,서지수,손주연"
15,첫여름,,"462,000",0.0%,"-102,000",-18.1%,"48,291,000",154,-34,-18.1%,"15,277",25,26,한국,한국,한국영화아카데미,한국영화아카데미,15세이상관람가,드라마,허가영,"허진,정인기"
16,다른 것으로 알려질 뿐이지,2025-08-27,"1,583,500",0.1%,"-1,251,000",-44.1%,"15,925,550",146,-124,-45.9%,"1,566",21,21,한국,한국,(주)보더리스필름,영화로운 형제,15세이상관람가,"드라마,멜로/로맨스",조희영,"공민정,정보람,정회린,감동환,류세일,유의태"
17,꼬마마법사 주니토니,2025-07-26,"1,306,500",0.1%,"-95,500",-6.8%,"509,163,300",143,-60,-29.6%,"58,428",15,16,한국,한국,,"씨제이 씨지브이(CJ CGV)(주),와이드 릴리즈(주)",전체관람가,애니메이션,서동해,"김연우,김은아,정재헌,엄상현,한만중,장미,이소영,홍소영,이민규,김단"
18,무명 無名,2025-06-25,"1,562,000",0.1%,"203,000",14.9%,"645,322,500",142,-9,-6.0%,"68,183",1,1,한국,한국,재단법인 온누리선교재단(CGNTV),커넥트픽쳐스(주),12세이상관람가,다큐멘터리,유진주,"하정우,김중희"
19,강령: 귀신놀이,2025-08-06,"1,678,500",0.2%,"88,000",5.5%,"703,517,800",141,5,3.7%,"72,062",19,19,한국,한국,(주)이오콘텐츠그룹,(주)스튜디오디에이치엘,15세이상관람가,"공포(호러),미스터리,스릴러",손동완,"김예림,이찬형,서동현,오소현,김은비,박서연,이다은,윤별하,유승아,정상훈,이진주,윤혜진,조수경,윤대성,노상현,김용선,구민혁,이경현,손평형,김지예,조예명,박승렬,김민호,손호은,김도훈,김진주,임세령,정유진,백가은,유영현"
20,마지막 숙제,2025-09-03,"1,260,000",0.1%,"1,260,000",100.0%,"14,207,000",126,126,100.0%,"1,402",1,1,한국,한국,(주)스튜디오킬러웨일,"(주)이놀미디어,(주)스튜디오킬러웨일,(주)에스더블유콘텐츠",12세이상관람가,드라마,이정철,"엄태웅,박상면,이재준,최이나,윤현숙,정선우,이성종,전수경"
21,좋은 친구들,2014-07-10,"1,482,000",0.1%,"1,482,000",100.0%,"3,224,542,031",114,114,100.0%,"407,437",1,1,한국,한국,"오퍼스픽쳐스(유),굿초이스컷픽쳐스(주)",(주)씨제이이엔엠,청소년관람불가,"범죄,드라마",이도윤,"한도진,지성,주지훈,이광수,강봉성,최현희,이승우,이재형,최병모,최진호,남문철,김태준,강덕중,박상현"
22,검은 령,2025-08-27,"1,134,000",0.1%,"166,000",17.1%,"8,645,500",108,14,14.9%,995,23,28,한국,한국,(주)날개엔터테인먼트,"(주)제이앤씨미디어그룹,와이드 릴리즈(주)",15세이상관람가,공포(호러),김현준,"아누팜 트리파티,임도화,송승현,김병춘,서동원,김혜나,곽수진,윤준원"
23,추적,2025-08-06,"936,000",0.1%,"-607,000",-39.3%,"139,549,900",101,-105,-51.0%,"15,316",4,4,한국,한국,뉴스타파 필름,(주)엣나인필름,12세이상관람가,다큐멘터리,최승호,
24,제26회 대구단편영화제 경쟁7,,"475,000",0.0%,"475,000",100.0%,"475,000",95,95,100.0%,95,1,1,한국,한국,,,,드라마,,
25,뿌까의 짜장면파티,2022-07-04,"462,000",0.0%,"462,000",100.0%,"248,718,500",77,77,100.0%,"41,272",1,1,한국,한국,(주)에픽캔,(주)에픽캔,전체관람가,기타,박상용,"유진주,임종웅,이은정,박중언,김기영,임재홍,신지윤,김민아,이지현,김은미,엄상현"
26,대도시의 사랑법,2024-10-01,"700,000",0.1%,"700,000",100.0%,"8,305,241,930",70,70,100.0%,"879,243",1,1,한국,한국,"(주)쇼박스,주식회사 고래와 유기농",메가박스중앙(주) 플러스엠 엔터테인먼트,15세이상관람가,드라마,이언희,"김고은,박지연,허지유,방정민,노상현,정휘,오동민,김채은,권영은,서벽준,박지안,이유진,장혜진,이상이,곽동연,최유화,이용이,박성일,김중기,한현민,한요셉,채시은,정수영,신담수,최지희,엄혜수,윤미경,김솔로몬,김휘열,박대원,김근환,박재완,표영서,김소령,심영민,이서한,황대기,문경린,강전영,유지혁,전준우,임새벽,김혜성,조용환,이한성,이병희,김혜숙,이정아,장민욱,김루이,김도엽,이하주,박재광,박초은,엄채영,이서경,정동현,허애선,조하린,오상림,김자성,서승우,박준식,남다정,김성락,정소희,조용호,김덕일,이남주,김나들,주종혁,김한솔"
27,우리는 천국에 갈 순 없지만 사랑은 할 수 있겠지,2024-10-16,"650,000",0.1%,"650,000",100.0%,"61,528,900",60,60,100.0%,"6,495",2,2,한국,한국,(주)에스더블유콘텐츠,(주)메리크리스마스,15세이상관람가,드라마,한제이,"박수연,이유미,신기환,김현목,박지안"
28,수연의 선율,2025-08-06,"425,000",0.0%,"300,000",240.0%,"49,211,100",57,33,137.5%,"5,854",5,5,한국,한국,탄탄픽쳐스,(주)싸이더스,12세이상관람가,"가족,미스터리,스릴러",최종룡,"김보민,최이랑,김현정,진대연,최승원"
29,8월의 크리스마스,1998-01-24,"586,000",0.1%,"586,000",100.0%,"261,500,947",55,55,100.0%,"36,694",3,3,한국,한국,(주)우노필름,"한국영상투자개발(주),(주)싸이더스",15세 미만인 자는 관람할 수 없는 등급,"멜로/로맨스,드라마",허진호,"한석규,심은하,신구,이한위,전미선,오지혜,이용녀,김기천"
30,고양이들의 아파트,2022-03-17,"180,000",0.0%,"180,000",100.0%,"59,239,970",50,50,100.0%,"6,802",1,1,한국,한국,영화사 못,"(주)엣나인필름,(주)메타플레이",전체관람가,다큐멘터리,정재은,"김포도,이인규,김수만"
31,베를린 리포트,1991-06-08,"88,000",0.0%,"-4,000",-4.3%,"1,142,000",44,-2,-4.3%,571,1,3,한국,한국,(주)모가드코리아,(주)프리즘웍스,"연소자관람불가,15세이상관람가","드라마,전쟁",박광수,"강수연,안성기,문성근"
32,식사이론,2025-08-20,"164,000",0.0%,"-4,000",-2.4%,"12,602,000",41,-1,-2.4%,"3,149",11,12,한국,한국,"주식회사 알바트로스픽처스,데저트블룸픽처스 주식회사",롯데컬처웍스(주)롯데시네마,12세이상관람가,"코미디,판타지,드라마",,홍진기
33,전지적 독자 시점,2025-07-23,"373,500",0.0%,"69,800",23.0%,"10,048,780,760",39,10,34.5%,"1,060,734",2,2,한국,한국,리얼라이즈픽쳐스(주),롯데컬처웍스(주)롯데엔터테인먼트,15세이상관람가,"판타지,액션",김병우,"안효섭,이민호,채수빈,신승호,나나,지수,권은성,박호산,최영준,이석,정성일,조성희,은수,이유진,문우진,정찬훈,노정현"
33,헤어질 결심,2022-06-29,"390,000",0.0%,"20,000",5.4%,"19,785,223,678",39,2,5.4%,"1,908,849",1,1,한국,한국,모호필름,(주)씨제이이엔엠,15세이상관람가,"미스터리,멜로/로맨스",박찬욱,"박해일,탕웨이,이정현,고경표,김신영,정영숙,유승목,서현우,정이서,이학주,정소리,신안진,김도연,고민시,차서원,주인영,윤성원,최선자,진용욱,안진상,박정민,박용우,정하담,최대훈,김미화,곽은진,안성봉,김성곤,문순주,현직,한서울,김도담,문정대,유인혜,권혁성,차상도,강경수,유태오,이지하,전성애,이경민,이용녀,김귀례,김도담,유다솜,김민준,김국진,김상현"
35,에디 앨리스: 테이크,,"365,000",0.0%,"365,000",100.0%,"365,000",37,37,100.0%,37,1,1,한국,한국,,,,다큐멘터리,김일란,
35,여름이 지나가면,2025-07-09,"310,000",0.0%,"-301,000",-49.3%,"88,237,300",37,-41,-52.6%,"9,716",4,4,한국,한국,㈜스튜디오 하이파이브,(주)엣나인필름,15세이상관람가,드라마,장병기,"이재준,최현진,최우록,고서희,강길우"
37,제42회 부산국제단편영화제 순회상영회 '찾아가는 부산국제단편영화제'국내수상작,,"276,000",0.0%,"276,000",100.0%,"276,000",36,36,100.0%,36,2,2,한국,한국,,,,"드라마,애니메이션,다큐멘터리",,
38,호루몽,,"170,000",0.0%,"170,000",100.0%,"170,000",34,34,100.0%,34,1,1,한국,"한국,일본",,,,다큐멘터리,,
39,수능 창시자; 한국 교육의 프랑켄슈타인,,"160,000",0.0%,"160,000",100.0%,"160,000",32,32,100.0%,32,1,1,한국,한국,,,,다큐멘터리,,
40,나그네는 길에서도 쉬지 않는다,1988-06-11,"207,000",0.0%,"207,000",100.0%,"207,000",31,31,100.0%,31,1,1,한국,한국,판영화사(주),,미성년자관람불가,멜로/로맨스,이장호,"고설봉,추석양,이보희,김명곤"
41,핑크문,,"135,000",0.0%,"135,000",100.0%,"135,000",27,27,100.0%,27,1,1,한국,한국,,,,다큐멘터리,윤한석,
42,1980 사북,,"130,000",0.0%,"130,000",100.0%,"2,785,000",26,26,100.0%,368,1,1,한국,한국,,(주)엣나인필름,12세이상관람가,다큐멘터리,박봉남,
43,파기상접: 깨진 그릇 붙이기,,"115,000",0.0%,"115,000",100.0%,"1,263,000",23,23,100.0%,187,1,1,한국,한국,,,,다큐멘터리,,
44,메릴 스트립 프로젝트,,"110,000",0.0%,"110,000",100.0%,"2,230,000",22,22,100.0%,234,1,1,한국,한국,,,,다큐멘터리,,
44,스피릿 핑거스! 3화,2025-08-27,"154,000",0.0%,"84,000",120.0%,"448,000",22,12,120.0%,64,2,2,한국,한국,주식회사 넘버쓰리픽쳐스,주식회사 넘버쓰리픽쳐스,12세이상관람가,"드라마,멜로/로맨스",이철하,"박지후,조준영,최보민,박유나"
46,씨그널: 바다의 마지막 신호,2025-07-16,"56,500",0.0%,"-662,500",-92.1%,"21,838,360",17,-56,-76.7%,"2,423",1,1,한국,한국,"(주)보더레스랩,주식회사 망그로브","(주)보더레스랩,(주)스튜디오디에이치엘",전체관람가,다큐멘터리,"박정례,이지윤",
46,봄날은 간다,2001-09-28,"170,000",0.0%,"170,000",100.0%,"81,092,000",17,17,100.0%,"12,765",2,2,한국,한국,"(주)싸이더스,싸이더스 우노 필름",(주)시네마서비스,15세관람가,드라마,허진호,"유지태,이영애,김태진,김명인,권희영,이범수,민현선,임승민,박성희,이숙영,김정,이영옥,박인환,엄효섭,신신애,손영순"
48,케이 넘버,2025-05-14,"73,000",0.0%,"73,000",100.0%,"53,024,300",15,15,100.0%,"6,241",1,1,한국,한국,선보필름,(주)마노엔터테인먼트,12세이상관람가,다큐멘터리,조세영,
49,스피릿 핑거스! 4화,2025-08-27,"91,000",0.0%,"14,000",18.2%,"413,000",13,2,18.2%,59,2,2,한국,한국,주식회사 넘버쓰리픽쳐스,주식회사 넘버쓰리픽쳐스,12세이상관람가,"드라마,멜로/로맨스",이철하,"박지후,조준영,최보민,박유나"
50,담쟁이,2020-10-28,"124,000",0.0%,"124,000",100.0%,"35,009,130",12,12,100.0%,"4,402",1,1,한국,한국,"다이노(DIE NO),(주)조이컴퍼니",(주)트리플픽쳐스,15세이상관람가,"가족,드라마",한제이,"우미화,이연,김보민,최정화,안민영,황미영,이다영,윤동하,김지민,최우정,조윤정,조은경,최선영,박정민,박지훈,권수진,신희철,이현미,이윤희,강숙,서유성,박진훈,유안,엄옥란,김아람,이준서,정현,서석규,강학수,정수지,곽수정,하승연,이관헌,문수영,임윤비,전희련,김완수,고관재,김윤미,최우정,정수지,장근영,곽민호,조준형,박지안,곽진,박혜영,이원희,김한솔,김종재"
51,노이즈,2025-06-25,"80,000",0.0%,"64,000",400.0%,"16,758,696,110",10,8,400.0%,"1,707,614",4,4,한국,한국,(주)화인컷,(주)바이포엠스튜디오,15세이상관람가,"공포(호러),스릴러",김수진,"이선빈,김민석,한수아,류경수,전익령,백주희,안석현,이은미"
52,야당: 익스텐디드 컷,2025-08-06,"66,000",0.0%,"-130,000",-66.3%,"244,236,020",8,-17,-68.0%,"27,231",4,4,한국,한국,(주)하이브미디어코프,메가박스중앙(주) 플러스엠 엔터테인먼트,청소년관람불가,"범죄,액션",황병국,"강하늘,유해진,박해준,류경수,채원빈"
53,인디스데이 8월 단편,,"25,000",0.0%,"13,000",108.3%,"145,000",5,3,150.0%,21,1,1,한국,한국,,,,드라마,,
53,오키나와 블루노트,2025-07-23,"32,000",0.0%,"32,000",100.0%,"6,806,920",5,5,100.0%,739,1,1,한국,한국,(주)와우,(주)와우,15세이상관람가,드라마,조성규,"김동완,황승언"
55,우리 둘 사이에,2025-07-30,"31,000",0.0%,"23,000",287.5%,"24,235,100",4,3,300.0%,"2,841",2,2,한국,한국,(주)영화사진,㈜인디스토리,12세이상관람가,드라마,성지혜,"김시은,설정환,오지후,강말금"
56,녹턴,2022-08-18,"6,000",0.0%,"2,000",50.0%,"81,978,100",3,1,50.0%,"11,624",1,3,한국,한국,포이에티케,(주)시네마달,12세이상관람가,다큐멘터리,정관조,"은성호,은건기,손민서"
56,봄밤,2025-07-09,"21,000",0.0%,"-61,000",-74.4%,"77,119,400",3,-4,-57.1%,"8,966",1,1,한국,한국,월원영화사,(주)시네마달,15세이상관람가,드라마,강미자,"한예리,김설진,김선재,정명원,김승환,오다민"
56,하이파이브,2025-05-30,"22,000",0.0%,"-38,600",-63.7%,"17,543,170,920",3,-9,-75.0%,"1,893,282",2,2,한국,한국,(주)안나푸르나필름,(주)넥스트엔터테인먼트월드(NEW),15세이상관람가,"코미디,액션",강형철,"이재인,안재홍,유아인,라미란,김희원,김수혁,오정세,신구,박진영,진희경,장광,박형수,유승목,안승균,오하늬,김원해,이동휘,현봉식,정다원,윤지수,문도선,박병렬,이태영,강효준,김종태,임채선,이환진,노익현,류경환,장준현,박우준,이규영,최은경,임한나,배한용,이승철,김희상,임서영,최동구,김태순,송병훈,윤정로,최원,김기남,한주미,황지아,나진수,김우택,유진호,김영조,김봉희,박경현,박복만,박노아,김민규"
59,일과 날,2025-07-16,"16,000",0.0%,"-15,000",-48.4%,"12,343,400",2,-5,-71.4%,"1,426",1,1,한국,한국,비우무비,스튜디오 에이드,전체관람가,다큐멘터리,"박민수,안건형",
59,백! 스테이지,,"10,000",0.0%,"-5,000",-33.3%,"29,885,000",2,-1,-33.3%,"5,859",1,1,한국,한국,"(주)씨제이이엔엠,주식회사 스튜디오제로백",씨제이 씨지브이(CJ CGV)(주),12세이상관람가,드라마,방성준,"윤호,배재영,최문기,이상희"
59,비밀의 화원,2025-07-23,"10,000",0.0%,"-55,000",-84.6%,"8,582,000",2,-14,-87.5%,"1,433",1,1,한국,한국,㈜스튜디오 하이파이브,미디어나무(주),12세이상관람가,드라마,김성환,"박정학,최나린,서대원"
59,815사수작전,2025-08-14,"12,000",0.0%,"5,000",71.4%,"3,578,500",2,1,100.0%,410,1,1,한국,한국,(주)하이씨씨,시네마 뉴원,12세이상관람가,코미디,손병조,"김인권,노영학"
63,아이 캔 스피크,2017-09-21,"8,000",0.0%,"-461,000",-98.3%,"25,589,044,886",1,-69,-98.6%,"3,288,622",1,1,한국,한국,주식회사 영화사 시선,"(주)마노엔터테인먼트,롯데쇼핑㈜롯데엔터테인먼트,(주)리틀빅픽쳐스",12세이상관람가,코미디,김현석,"나문희,이제훈,박철민,염혜란,성유빈,김소진,이상희,정연주,이지훈,손숙,이재인,최수인,이대연,박준서,이정현,홍상원,황연희,우지현,이신성,우상기,이정현,손성찬,정원창,김자영,김경덕,손경원,설창희,정태야,추연규,이승민,이범규,김선경"
63,청춘쌍곡선,1956-04-10,"2,000",0.0%,"2,000",100.0%,"3,130,000",1,1,100.0%,"1,565",1,1,한국,한국,다이에 스튜디오,,전체관람가,코미디,한형모,"황해남,지학자"
65,2025 로컬-시내(Cin?) : 지역영화 교류전 - 섹션3 DREAMERS,,0,0.0%,0,100.0%,0,0,0,100.0%,0,1,1,한국,한국,,,,"가족,드라마,코미디,스릴러",,
65,2025 로컬-시내(Cin?) : 지역영화 교류전 - 섹션4 REALITY,,0,0.0%,0,100.0%,0,0,0,100.0%,0,1,1,한국,한국,,,,"드라마,가족,다큐멘터리",,
합계,,,"1,057,831,890",,,,"175,661,829,368","106,490",,,"18,980,224","1,866","3,656",,,,,,,,
,,,,,,,,,,,,,,,,,,,,,
●2025년 08월 29일(금),,,,,,,,,,,,,,,,,,,,,
순위,영화명,개봉일,매출액 ,매출액,매출액증감,매출액증감율(전일대비) ,누적매출액 ,관객수 ,관객수증감(전일대비) ,관객수증감율(전일대비) ,누적관객수 ,스크린수 ,상영횟수 ,대표국적 ,국적 ,제작사 ,배급사 ,등급 ,장르 ,감독 ,배우 
,,,,점유율 ,(전일대비) ,,,,,,,,,,,,,,,,
1,좀비딸,2025-07-30,"342,480,970",69.0%,"86,001,780",33.5%,"49,085,882,530","35,789","7,839",28.0%,"5,184,022",814,"2,215",한국,한국,스튜디오엔(주),(주)넥스트엔터테인먼트월드(NEW),12세이상관람가,"코미디,드라마",필감성,"조정석,이정은,조여정,윤경호,최유리,이주미"
2,악마가 이사왔다,2025-08-13,"41,600,640",8.4%,"3,898,340",10.3%,"3,856,256,790","4,564",377,9.0%,"406,053",357,455,한국,한국,(주)외유내강,(주)씨제이이엔엠,12세이상관람가,"미스터리,코미디",이상근,"임윤아,안보현,성동일,주현영"
3,온리 갓 노우즈 에브리띵,2025-08-22,"13,325,200",2.7%,"39,000",0.3%,"180,276,020","1,606",-71,-4.2%,"20,467",109,115,한국,한국,(주)백그림,(주)트리플픽쳐스,15세이상관람가,"미스터리,스릴러",백승환,"신승호,한지은,박명훈,전소민,이중옥,이지현,유성주,신서우,정은경,이재환,유지혁,김일현,유병훈,이병수,송동환,백주환,이창주,남중규,유재명,양권석,이윤화,주상현,배성민,황원규,강해빈"
4,백산 - 의령에서 발해까지,2025-02-05,"9,728,000",2.0%,"3,049,000",45.7%,"119,845,000","1,309",232,21.5%,"17,856",29,30,한국,한국,(주)KNN,(주)드림팩트엔터테인먼트,전체관람가,다큐멘터리,진재운,
5,독립군: 끝나지 않은 전쟁,2025-08-13,"11,147,100",2.2%,"1,085,600",10.8%,"349,883,120","1,230",153,14.2%,"38,736",64,69,한국,한국,"주식회사 블루필름웍스,제니필름",주식회사 블루필름웍스,전체관람가,다큐멘터리,문승욱,조진웅
6,킹 오브 킹스,2025-07-16,"8,294,600",1.7%,"2,559,700",44.6%,"12,111,607,876",915,281,44.3%,"1,283,405",62,64,한국,한국,(주)모팩스튜디오,(주)디스테이션,전체관람가,애니메이션,장성호,"이병헌,진선규,이하늬,양동근,차인표,권오중,장광,피어스 브로스넌,오스카 아이삭,케네스 브래너,우마 서먼,마크 해밀,포레스트 휘테커,벤 킹슬리,로만 그리핀 데이비스"
7,엔하이픈 브이알콘서트 : 이머전,2025-08-08,"25,971,000",5.2%,"8,778,000",51.1%,"511,272,000",787,266,51.1%,"15,784",1,9,한국,한국,(주)어메이즈브이알코리아,(주)어메이즈브이알코리아,전체관람가,드라마,김경국,
8,베베핀 극장판: 사라진 베베핀과 핑크퐁 대모험,2025-07-24,"4,430,500",0.9%,"1,070,700",31.9%,"2,044,399,430",717,163,29.4%,"222,225",22,23,한국,한국,더핑크퐁컴퍼니(주),(주)넥스트엔터테인먼트월드(NEW),전체관람가,애니메이션,변희선,"조경이,엠머슨브룩김,이현경,김해나,강은애"
9,식스데이즈,2025-08-13,"15,026,000",3.0%,"11,968,000",391.4%,"966,340,000",683,544,391.4%,"44,104",31,35,한국,한국,(주)MBC,"씨지브이 아이스콘,씨제이포디플렉스 주식회사",전체관람가,"드라마,다큐멘터리",,
10,지리멸렬,,"972,000",0.2%,"-32,500",-3.2%,"4,571,500",324,-11,-3.3%,"1,525",73,92,한국,한국,한국영화아카데미,㈜인디스토리,12세이상관람가,코미디,봉준호,"유연수,윤일주,김뢰하,신동환"
11,다른 것으로 알려질 뿐이지,2025-08-27,"2,834,500",0.6%,"1,307,200",85.6%,"14,342,050",270,112,70.9%,"1,420",24,24,한국,한국,(주)보더리스필름,영화로운 형제,15세이상관람가,"드라마,멜로/로맨스",조희영,"공민정,정보람,정회린,감동환,류세일,유의태"
12,추적,2025-08-06,"1,543,000",0.3%,"441,000",40.0%,"138,613,900",206,77,59.7%,"15,215",4,4,한국,한국,뉴스타파 필름,(주)엣나인필름,12세이상관람가,다큐멘터리,최승호,
13,꼬마마법사 주니토니,2025-07-26,"1,402,000",0.3%,"1,087,000",345.1%,"507,856,800",203,156,331.9%,"58,285",7,7,한국,한국,,"씨제이 씨지브이(CJ CGV)(주),와이드 릴리즈(주)",전체관람가,애니메이션,서동해,"김연우,김은아,정재헌,엄상현,한만중,장미,이소영,홍소영,이민규,김단"
14,첫여름,,"564,000",0.1%,"99,000",21.3%,"47,829,000",188,33,21.3%,"15,123",28,32,한국,한국,한국영화아카데미,한국영화아카데미,15세이상관람가,드라마,허가영,"허진,정인기"
15,바다호랑이,2025-06-25,"1,620,000",0.3%,"1,620,000",100.0%,"189,970,900",180,180,100.0%,"21,291",1,1,한국,한국,"(주)영화사침,(주)굿프로덕션",영화로운 형제,15세이상관람가,드라마,정윤철,"이지훈,손성호,김영택,김채원,길정석,박소윤,고경희,박민선,김귀선,우연서,홍정혜,이승훈,문성복,이성하,김동훈,조하석,조인,조마리,이기영,박호산,김중기,황재희,배보람,최수빈,권기대,김현민,신현실,윤지원,최규선,박문지,박지훈,진현광,전경화,손광수,이병철,손인찬,전선우,윤지영,차은수"
16,싱크홀,2021-08-11,"1,106,000",0.2%,"1,106,000",100.0%,"21,396,758,690",158,158,100.0%,"2,195,841",2,2,한국,한국,(주)더타워픽쳐스,(주)쇼박스,12세이상관람가,코미디,김지훈,"차승원,이창윤,김성균,이광수,권소현,김혜준,김재화,박옥출,남다름,정영숙,이학주,한태린,김건우,오자훈,나철,김병철,전승재,김경환,박민준,나현민,윤돈선,정서인,정윤하,이두열,어성욱,김태훈,김준혁,장영,이건구,정용락,유현,안용우,윤기현,조제웅,정용태,이상욱,안성봉,김동현,김왕도,오재세,박민지,황여진,김명희,이순화,이주미,송경아,전은미,권정숙,이경태,최지명,권오철,최민혁,김귀례,정우근,장광,김홍파,고창석"
17,"초혼, 다시 부르는 노래",2025-03-19,"1,672,000",0.3%,"1,672,000",100.0%,"241,817,800",152,152,100.0%,"26,171",1,1,한국,한국,주식회사 제이오엔터테인먼트코리아,커넥트픽쳐스(주),15세이상관람가,드라마,조정래,"조우주,김정연,정리노,윤동원,박철민,김동완,홍순철,민하은,리우진,최용석,이나리,김하진,김혁종,구본진,김영웅,남태우,김진영,임성철,박도영,신연미,박지희,김준형,서문경,김최용준,김예지,박민선,심형탁,김병춘,정무성,권형준,이봉하,장관배,박소을,양진억,장세아,김진휘,박근태"
18,무명 無名,2025-06-25,"1,359,000",0.3%,"1,359,000",100.0%,"643,760,500",151,151,100.0%,"68,041",1,1,한국,한국,재단법인 온누리선교재단(CGNTV),커넥트픽쳐스(주),12세이상관람가,다큐멘터리,유진주,"하정우,김중희"
19,카운트,2023-02-22,"1,500,000",0.3%,"1,500,000",100.0%,"3,786,214,091",150,150,100.0%,"398,692",2,2,한국,한국,(주)필름케이,(주)씨제이이엔엠,12세이상관람가,드라마,권혁재,"진선규,성유빈,고창석,오나라,장동주,고규필,이종화,최형태,추정훈,태인호,차순배,이준혁,이홍내,이일화,박성근,김한종,이윤희,김지창,한태경,김욱인,우정원,한철우,전승재,전승재,임정민,강남욱"
20,고고다이노 극장판: 게코도마뱀의 꿈,2025-07-30,"1,152,000",0.2%,"-1,075,000",-48.3%,"567,166,700",147,-166,-53.0%,"61,760",17,17,한국,한국,(주)모꼬지,(주)모꼬지,전체관람가,애니메이션,이원재,"임승미,원옥화,진양욱,조영철,우정민"
21,강령: 귀신놀이,2025-08-06,"1,590,500",0.3%,"817,500",105.8%,"701,839,300",136,64,88.9%,"71,921",25,28,한국,한국,(주)이오콘텐츠그룹,(주)스튜디오디에이치엘,15세이상관람가,"공포(호러),미스터리,스릴러",손동완,"김예림,이찬형,서동현,오소현,김은비,박서연,이다은,윤별하,유승아,정상훈,이진주,윤혜진,조수경,윤대성,노상현,김용선,구민혁,이경현,손평형,김지예,조예명,박승렬,김민호,손호은,김도훈,김진주,임세령,정유진,백가은,유영현"
22,"괜찮아, 앨리스",2024-11-13,"607,000",0.1%,"607,000",100.0%,"205,500,000",99,99,100.0%,"22,951",2,2,한국,한국,오마이뉴스,미디어나무(주),전체관람가,다큐멘터리,양지혜,"이주연,황하름,오연호,김혜일,김민지,성의준,박선하,박태준,정병오,정수완,성종호,이순영,이준희,이완수,황인근,국세은,안재운"
23,검은 령,2025-08-27,"968,000",0.2%,"505,000",109.1%,"7,511,500",94,47,100.0%,887,26,32,한국,한국,(주)날개엔터테인먼트,"(주)제이앤씨미디어그룹,와이드 릴리즈(주)",15세이상관람가,공포(호러),김현준,"아누팜 트리파티,임도화,송승현,김병춘,서동원,김혜나,곽수진,윤준원"
24,수상한 그녀,2014-01-22,"534,000",0.1%,"534,000",100.0%,"62,744,867,849",89,89,100.0%,"8,664,154",1,1,한국,한국,"(주)예인플러스엔터테인먼트,아이앤코스모스(주)시네와이즈필름",(주)씨제이이엔엠,15세이상관람가,드라마,황동혁,"심은경,나문희,박인환,성동일,이진욱,김현숙,황정민,김슬기,박형우,신재훈,박인환,이태식,박재홍,서진호,양태규,정상원,정은임,정종혁,조명행,진영,한상경,한흥석,김경아,이주희,김동욱,김동희,김민준,김선하,김순찬,김영웅,김용진,김재섭,김정원,박선희,한지은,김수현,황영희,장광,전우재,강필선,김가희,황승언,임현성,정인기,이상희,하연주,박혜진,김남순,조혜선"
25,여름이 지나가면,2025-07-09,"611,000",0.1%,"-667,000",-52.2%,"87,927,300",78,-27,-25.7%,"9,679",7,8,한국,한국,㈜스튜디오 하이파이브,(주)엣나인필름,15세이상관람가,드라마,장병기,"이재준,최현진,최우록,고서희,강길우"
26,아이 캔 스피크,2017-09-21,"469,000",0.1%,"-1,625,000",-77.6%,"25,589,036,886",70,-175,-71.4%,"3,288,621",3,3,한국,한국,주식회사 영화사 시선,"(주)마노엔터테인먼트,롯데쇼핑㈜롯데엔터테인먼트,(주)리틀빅픽쳐스",12세이상관람가,코미디,김현석,"나문희,이제훈,박철민,염혜란,성유빈,김소진,이상희,정연주,이지훈,손숙,이재인,최수인,이대연,박준서,이정현,홍상원,황연희,우지현,이신성,우상기,이정현,손성찬,정원창,김자영,김경덕,손경원,설창희,정태야,추연규,이승민,이범규,김선경"
26,나를 죽여줘,2022-10-19,"350,000",0.1%,"350,000",100.0%,"40,429,296",70,70,100.0%,"4,754",1,1,한국,한국,"(주)영화사이다,환상의빛(주)",(주)트리플픽쳐스,15세이상관람가,드라마,최익환,"임채은,장현성,안승균,이일화,김국희,양희준,전민우,송재룡,김대곤,김선화,김재희,김진수,노경,류지훈,김종태,신준철,장준혁,이형준,서영탁(서동근),강은지,김두현,최유정,이규영,김도원,정주영,김혜연,한동욱,김경희,김준형,김 환,조문주,김용진,이찬수,이충인,김지현,김희수,이유진,김혜정,조수진,윤민희,김민영,조현서"
28,베를린 리포트,1991-06-08,"92,000",0.0%,"92,000",100.0%,"1,054,000",46,46,100.0%,527,1,3,한국,한국,(주)모가드코리아,(주)프리즘웍스,"연소자관람불가,15세이상관람가","드라마,전쟁",박광수,"강수연,안성기,문성근"
29,쫑알쫑알 똘똘이: 이상한 마을 대모험,2025-04-30,"301,000",0.1%,"301,000",100.0%,"373,849,100",43,43,100.0%,"40,759",1,1,한국,한국,(주)크레이지버드스튜디오,(주)크레이지버드스튜디오,전체관람가,"애니메이션,코미디,가족",이상호,
30,식사이론,2025-08-20,"168,000",0.0%,"-20,000",-10.6%,"12,438,000",42,-5,-10.6%,"3,108",13,14,한국,한국,"주식회사 알바트로스픽처스,데저트블룸픽처스 주식회사",롯데컬처웍스(주)롯데시네마,12세이상관람가,"코미디,판타지,드라마",,홍진기
31,대가족,2024-12-11,"210,000",0.0%,"210,000",100.0%,"3,097,428,600",35,35,100.0%,"354,290",1,1,한국,한국,게니우스 유한회사,롯데컬처웍스(주)롯데엔터테인먼트,12세이상관람가,"드라마,코미디",양우석,"김윤석,이승기,김성령,강한나,박수영,김시우,윤채나,심희섭,길해연,이순재,강명환,이보람,이중현"
32,극장판 다이노맨: 공룡산의 비밀,2025-07-25,"163,000",0.0%,"-492,000",-75.1%,"62,609,750",32,-96,-75.0%,"9,155",2,2,한국,한국,"(주)스튜디오버튼 ,(주)플레이그램",(주)플레이그램,전체관람가,애니메이션,김호락,
32,국제시장,2014-12-17,"192,000",0.0%,"192,000",100.0%,"110,967,380,230",32,32,100.0%,"14,267,611",1,1,한국,한국,"(주)제이케이필름,(주)씨제이이엔엠",(주)씨제이이엔엠,12세이상관람가,드라마,윤제균,"황정민,김윤진,오달수,정진영,장영남,라미란,김슬기,정영기,맹세창,김동원,김현중,김지영,황창기,박재우,박찬희,김예빈,김재철,김하연,김재현,이소영,류경현,황인준,이종석,이진희,전희경,박재언,유재상,김선영,정윤호,박길수,박영수,김근영,허동원,현봉식,강신철,손영순,박혜진,유정호,남진복,신정섭"
34,THE 자연인,2025-08-20,"312,500",0.1%,"-121,600",-28.0%,"11,948,200",30,-25,-45.5%,"1,338",8,8,한국,한국,스톤워크,스톤워크,12세이상관람가,"코미디,미스터리",노영석,"변재신,정용훈,신운섭,이란희"
35,전지적 독자 시점,2025-07-23,"303,700",0.1%,"87,700",40.6%,"10,048,407,260",29,7,31.8%,"1,060,695",2,2,한국,한국,리얼라이즈픽쳐스(주),롯데컬처웍스(주)롯데엔터테인먼트,15세이상관람가,"판타지,액션",김병우,"안효섭,이민호,채수빈,신승호,나나,지수,권은성,박호산,최영준,이석,정성일,조성희,은수,이유진,문우진,정찬훈,노정현"
36,벌새,2019-08-29,"221,000",0.0%,"221,000",100.0%,"1,219,014,374",28,28,100.0%,"150,114",1,1,한국,한국,에피파니(주),"(주)엣나인필름,(주)콘텐츠판다",15세이상관람가,드라마,김보라,"박지후,김새벽,정인기,이승연,박수연,손용범,박서윤,길해연,손상연,설혜인,송경아,백금옥,엄경희,정원자,한승목,류혁진,원다영,곽다은,오명은,권세빈,조시연,권귀빈,박윤희,박윤희,김미향,안민영,엄윤채,김상호,김소현,김수연,이종윤,최수빈,이선주,정혜영,최원경,김종구,정경섭,조혜빈,윤태희,이현주,이연우,김예지,이예림,김채윤,김지원,김정헌,이춘희,이유진,정윤서,최민서,안진현,임세연,손채연,임혜원,안예은,형영선,박수현"
37,여유와 설빈 - [희극],,"125,000",0.0%,"125,000",100.0%,"125,000",25,25,100.0%,25,1,1,한국,한국,,,,다큐멘터리,,
37,야당: 익스텐디드 컷,2025-08-06,"196,000",0.0%,"23,000",13.3%,"244,170,020",25,5,25.0%,"27,223",3,3,한국,한국,(주)하이브미디어코프,메가박스중앙(주) 플러스엠 엔터테인먼트,청소년관람불가,"범죄,액션",황병국,"강하늘,유해진,박해준,류경수,채원빈"
39,수연의 선율,2025-08-06,"125,000",0.0%,"-439,000",-77.8%,"48,786,100",24,-56,-70.0%,"5,797",5,5,한국,한국,탄탄픽쳐스,(주)싸이더스,12세이상관람가,"가족,미스터리,스릴러",최종룡,"김보민,최이랑,김현정,진대연,최승원"
39,3일의 휴가,2023-12-06,"168,000",0.0%,"168,000",100.0%,"4,964,300,917",24,24,100.0%,"530,483",1,1,한국,한국,글뫼 주식회사,(주)쇼박스,12세이상관람가,"판타지,드라마",육상효,"김해숙,신민아,강기영,황보라,박명훈"
41,청와대 건너 붉은 벽돌집,,"108,000",0.0%,"108,000",100.0%,"108,000",22,22,100.0%,22,1,1,한국,한국,,,,"가족,코미디,다큐멘터리",,
42,아가씨,2016-06-01,"190,000",0.0%,"190,000",100.0%,"35,229,635,891",19,19,100.0%,"4,289,888",1,1,한국,한국,"유한회사 아가씨에프에스,모호필름,(주)용필름",(주)씨제이이엔엠,청소년관람불가,"스릴러,드라마",박찬욱,"김민희,김태리,하정우,조진웅,김해숙,문소리,최병모,김인우,이용녀,조은형,장한순,이규정,이승준,이윤재,김시은,안성봉,박기륭,원근희,정인겸"
43,비밀의 화원,2025-07-23,"65,000",0.0%,"42,000",182.6%,"8,572,000",16,11,220.0%,"1,431",2,2,한국,한국,㈜스튜디오 하이파이브,미디어나무(주),12세이상관람가,드라마,김성환,"박정학,최나린,서대원"
44,8월에는 편지를 써 볼 것 (섹션 1),,"104,000",0.0%,"104,000",100.0%,"562,000",13,13,100.0%,61,1,1,한국,한국,,,,기타,,
45,하이파이브,2025-05-30,"60,600",0.0%,"-125,400",-67.4%,"17,543,148,920",12,-19,-61.3%,"1,893,279",1,1,한국,한국,(주)안나푸르나필름,(주)넥스트엔터테인먼트월드(NEW),15세이상관람가,"코미디,액션",강형철,"이재인,안재홍,유아인,라미란,김희원,김수혁,오정세,신구,박진영,진희경,장광,박형수,유승목,안승균,오하늬,김원해,이동휘,현봉식,정다원,윤지수,문도선,박병렬,이태영,강효준,김종태,임채선,이환진,노익현,류경환,장준현,박우준,이규영,최은경,임한나,배한용,이승철,김희상,임서영,최동구,김태순,송병훈,윤정로,최원,김기남,한주미,황지아,나진수,김우택,유진호,김영조,김봉희,박경현,박복만,박노아,김민규"
45,8월에는 편지를 써 볼 것 (섹션 2),,"96,000",0.0%,"50,000",108.7%,"1,006,000",12,7,140.0%,106,1,1,한국,한국,,,,기타,,
47,스피릿 핑거스! 4화,2025-08-27,"77,000",0.0%,0,0.0%,"322,000",11,0,0.0%,46,3,3,한국,한국,주식회사 넘버쓰리픽쳐스,주식회사 넘버쓰리픽쳐스,12세이상관람가,"드라마,멜로/로맨스",이철하,"박지후,조준영,최보민,박유나"
48,스피릿 핑거스! 3화,2025-08-27,"70,000",0.0%,0,0.0%,"294,000",10,0,0.0%,42,3,3,한국,한국,주식회사 넘버쓰리픽쳐스,주식회사 넘버쓰리픽쳐스,12세이상관람가,"드라마,멜로/로맨스",이철하,"박지후,조준영,최보민,박유나"
49,제9회 부산 인터시티 영화제 부산,,"28,000",0.0%,"28,000",100.0%,"28,000",8,8,100.0%,8,1,1,한국,한국,,,,"다큐멘터리,드라마",,
50,섬·망(望),2024-12-17,"53,000",0.0%,"53,000",100.0%,"3,448,500",7,7,100.0%,409,1,1,한국,한국,순리필름,영원의 질감,15세이상관람가,드라마,박순리,"이은,최원정,박세기,오민정,홍강우,이길원,김이담,한예서,김민서"
50,일과 날,2025-07-16,"31,000",0.0%,"31,000",100.0%,"12,327,400",7,7,100.0%,"1,424",4,4,한국,한국,비우무비,스튜디오 에이드,전체관람가,다큐멘터리,"박민수,안건형",
50,봄밤,2025-07-09,"82,000",0.0%,"-8,000",-8.9%,"77,098,400",7,-4,-36.4%,"8,963",1,1,한국,한국,월원영화사,(주)시네마달,15세이상관람가,드라마,강미자,"한예리,김설진,김선재,정명원,김승환,오다민"
50,한강전傳 : 그녀의 일곱 인생,,"35,000",0.0%,"35,000",100.0%,"35,000",7,7,100.0%,7,1,1,한국,한국,,,,다큐멘터리,,
54,백! 스테이지,,"15,000",0.0%,"-80,000",-84.2%,"29,875,000",3,-16,-84.2%,"5,857",1,1,한국,한국,"(주)씨제이이엔엠,주식회사 스튜디오제로백",씨제이 씨지브이(CJ CGV)(주),12세이상관람가,드라마,방성준,"윤호,배재영,최문기,이상희"
54,밤의 유령,,"15,000",0.0%,"15,000",100.0%,"195,000",3,3,100.0%,28,1,1,한국,한국,,,,다큐멘터리,,
56,인디스데이 8월 단편,,"12,000",0.0%,"12,000",100.0%,"120,000",2,2,100.0%,16,1,1,한국,한국,,,,드라마,,
56,녹턴,2022-08-18,"4,000",0.0%,0,0.0%,"81,972,100",2,0,0.0%,"11,621",1,2,한국,한국,포이에티케,(주)시네마달,12세이상관람가,다큐멘터리,정관조,"은성호,은건기,손민서"
56,노이즈,2025-06-25,"16,000",0.0%,"16,000",100.0%,"16,758,616,110",2,2,100.0%,"1,707,604",1,1,한국,한국,(주)화인컷,(주)바이포엠스튜디오,15세이상관람가,"공포(호러),스릴러",김수진,"이선빈,김민석,한수아,류경수,전익령,백주희,안석현,이은미"
56,잔챙이,2025-06-18,"10,000",0.0%,"10,000",100.0%,"22,695,100",2,2,100.0%,"2,663",1,2,한국,한국,"봄베씨네,에이치필름","봄베씨네,에이치필름",12세이상관람가,드라마,박중하,"김호원,임채영,성환"
60,815사수작전,2025-08-14,"7,000",0.0%,"2,000",40.0%,"3,566,500",1,0,0.0%,408,1,1,한국,한국,(주)하이씨씨,시네마 뉴원,12세이상관람가,코미디,손병조,"김인권,노영학"
61,2025 로컬-시내(Cin?) : 지역영화 교류전 - 섹션2 WOMEN IN FOCUS,,0,0.0%,0,100.0%,0,0,0,100.0%,0,1,1,한국,한국,,,,"드라마,가족,코미디",,
61,2025 로컬-시내(Cin?) : 지역영화 교류전 - 섹션1 YOUTH,,0,0.0%,0,100.0%,0,0,0,100.0%,0,1,1,한국,한국,,,,"드라마,가족",,
합계,,,"496,513,810",,,,"386,966,914,300","50,946",,,"46,533,991","1,784","3,348",,,,,,,,
